Lat,Lng,Distance (meters),Distance (feet),Distance (miles),Elevation (meters),Elevation (feet),Slope (degrees),Aspect (degrees),Landcover,Canopy (percent),Linear Grade (percent)
36.58688,-118.24014,0,0,0.0,2543,8343,4,104,Developed,30,10.36
36.58701326785442,-118.24030803928736,21,69,0.013117962473441684,2546,8353,8,154,Shrub,32,6.08
36.58716652752667,-118.24005173623667,50,163,0.030866892917604593,2549,8363,10,158,Shrub,28,18.72
36.58734763599264,-118.24019947466503,74,242,0.04584237271213174,2553,8376,16,128,Shrub,42,15.99
36.58757339189247,-118.24028814987683,100,329,0.062216293930384456,2556,8386,16,124,Shrub,25,8.87
36.587836484282334,-118.24024549476079,130,425,0.08056810708984043,2558,8392,16,96,Shrub,16,3.95
36.58807766312567,-118.24038883156283,159,523,0.0990527400611397,2561,8402,22,39,Shrub,16,9.4
36.58831246856478,-118.24025753143522,188,617,0.11685637843671766,2564,8412,30,144,Forest,22,13.24
36.58850692666473,-118.24002021232158,218,716,0.1356886011649638,2567,8422,34,144,Forest,25,11.7
36.58868797082148,-118.23976438905662,249,816,0.15462797754939633,2571,8435,35,144,Shrub,18,13.9
36.58886901509773,-118.23950856562277,279,916,0.17356734143237812,2575,8448,34,153,Shrub,18,11.56
36.58904700701096,-118.23924948948356,310,1016,0.19250463996728243,2578,8458,34,150,Shrub,22,10.76
36.589211311452196,-118.23897737709561,340,1116,0.21141399678972106,2581,8468,35,155,Shrub,20,3.92
36.589344584837704,-118.2386869963895,370,1214,0.22999027358016408,2583,8474,32,139,Shrub,19,6.95
36.58959755603128,-118.23864792600521,399,1307,0.2476224725900621,2585,8481,36,94,Shrub,21,9.05
36.58986710489697,-118.23861689160758,429,1406,0.26634682679963856,2587,8488,33,108,Shrub,22,35.71
36.58992386917833,-118.23862090465735,435,1427,0.2702795664196606,2590,8497,33,111,Shrub,22,10.93
36.589678615073936,-118.23876472076223,465,1526,0.28903024149157364,2593,8507,39,98,Shrub,21,6.72
36.589447031406735,-118.23890124958206,494,1620,0.3067530509009921,2595,8514,28,146,Shrub,20,6.07
36.58933781955176,-118.239213413524,524,1720,0.32566462547125263,2597,8520,27,147,Shrub,18,10.05
36.58924364214983,-118.23953361669058,555,1820,0.344603981595318,2601,8533,29,147,Shrub,19,12.39
36.58916149151993,-118.23985836160023,585,1919,0.3635140016763389,2604,8543,30,146,Shrub,22,14.18
36.58904261034962,-118.24016477930077,615,2019,0.38241474292909805,2608,8556,30,132,Shrub,22,13.62
36.58894975001783,-118.24047812477704,645,2117,0.40096525055492604,2612,8570,32,166,Shrub,22,9.58
36.58888202010345,-118.24080414072415,675,2216,0.4196682287497933,2615,8579,30,176,Forest,22,10.69
36.58901471253682,-118.2410980875703,706,2315,0.43839704887041664,2619,8593,32,202,Shrub,20,14.13
36.58915814293106,-118.2413883215949,736,2415,0.4573249014176377,2623,8606,32,196,Shrub,19,14.68
36.58928744256714,-118.24168301689573,766,2513,0.4759762513760472,2627,8619,32,165,Shrub,19,11.96
36.58929573969625,-118.24202248589931,796,2613,0.49483877620050654,2630,8629,37,183,Shrub,21,7.44
36.58929139862386,-118.24235601376145,826,2711,0.5133650355710471,2632,8635,37,163,Shrub,12,4.82
36.58913794614432,-118.24242626263329,844,2770,0.5246737772674714,2634,8642,35,59,Shrub,20,9.78
36.58886634305393,-118.24241047186402,875,2870,0.5434811828164471,2637,8652,34,86,Shrub,22,9.5
36.588593994334914,-118.2424456136342,905,2970,0.5624205403722328,2640,8661,36,88,Shrub,17,11.11
36.58832178805692,-118.24243693788308,935,3069,0.5812553742957796,2643,8671,35,88,Shrub,22,12.34
36.58809733913009,-118.24259165217477,964,3163,0.5989999567001363,2647,8684,26,133,Shrub,11,13.25
36.58803,-118.24291292327419,994,3260,0.6174412733638429,2651,8698,33,159,Shrub,11,17.23
36.58798977412103,-118.24324962632858,1024,3360,0.6363476246380594,2655,8711,36,150,Shrub,11,12.31
36.587887056931834,-118.24356345577269,1054,3459,0.6551702051962126,2659,8724,35,146,Shrub,10,12.81
36.58776485450318,-118.2438683952843,1085,3559,0.6740987802804563,2662,8734,37,140,Shrub,18,8.39
36.587598721335866,-118.24413945466253,1115,3659,0.6930381364289324,2666,8747,34,137,Shrub,18,9.55
36.58747643526126,-118.24444370680953,1146,3759,0.7119352064595487,2669,8757,34,145,Shrub,26,9.32
36.587334171386615,-118.24473401912454,1176,3859,0.7308249015943236,2671,8763,34,134,Shrub,18,8.84
36.58714821066122,-118.2449708946694,1206,3956,0.7492244291637077,2674,8773,27,112,Shrub,24,11.08
36.58697376490346,-118.2452293526448,1236,4055,0.767977157543927,2676,8780,28,140,Shrub,28,1.55
36.58674069327062,-118.24529883192474,1263,4142,0.7845542709709656,2677,8783,23,44,Shrub,28,2.75
36.58663230175517,-118.24499488982892,1292,4240,0.8030255599789343,2679,8789,34,145,Forest,45,8.5
36.58646074783094,-118.24476644147344,1320,4332,0.8203981083685153,2681,8796,17,55,Forest,28,8.12
36.586202085818755,-118.24465509920883,1351,4432,0.8393284952345176,2684,8806,23,52,Shrub,24,12.15
36.58597699345086,-118.24446543935068,1381,4531,0.8581269607123226,2688,8819,23,41,Shrub,16,14.76
36.58572197733274,-118.24434361224966,1411,4631,0.8770198456125685,2692,8832,28,50,Shrub,22,42.47
36.58571032117488,-118.24447146384753,1423,4668,0.8841665583313275,2696,8845,28,39,Shrub,22,19.73
36.58578767109444,-118.24463868770613,1440,4725,0.8948852761869376,2700,8858,26,52,Shrub,22,15.53
36.58554137325775,-118.24450686279083,1470,4823,0.9134285509039627,2705,8875,27,60,Shrub,19,15.65
36.58526911470238,-118.24449653117858,1500,4922,0.9322695769955746,2709,8888,26,87,Shrub,19,14.15
36.58502902127248,-118.24455443403596,1528,5012,0.9491855110377901,2714,8904,24,68,Shrub,17,17.51
36.585264582802274,-118.24470537484069,1557,5108,0.9675097102221525,2718,8917,26,83,Shrub,23,44.84
36.585311890062925,-118.24478544427673,1566,5138,0.9730310739412966,2722,8930,29,80,Shrub,23,14.77
36.58504368573845,-118.24485277827509,1596,5238,0.9919561317300302,2727,8947,27,79,Shrub,21,17.79
36.584815339305095,-118.24496095870657,1624,5327,1.008855260982132,2731,8960,30,97,Shrub,21,8.78
36.58508806081993,-118.24498897197333,1654,5427,1.0277836265081917,2734,8970,28,88,Shrub,23,22.18
36.58522750970586,-118.2450657087395,1671,5482,1.0383290692576672,2738,8983,32,92,Shrub,19,11.2
36.5849646587556,-118.245160787998,1702,5582,1.057262026793214,2741,8993,27,90,Shrub,19,10.23
36.584700151319296,-118.24524744325527,1732,5682,1.0761806380129149,2745,9006,24,94,Shrub,20,38.58
36.58474690411194,-118.24531768896092,1740,5709,1.0812482610139045,2748,9016,25,94,Shrub,20,19.59
36.58494451248196,-118.24537774375902,1763,5783,1.0953180556474587,2752,9029,33,104,Shrub,20,11.32
36.584688748556076,-118.24549781286099,1793,5883,1.1142246148736028,2755,9039,29,93,Shrub,16,49.42
36.58465918237911,-118.24556163259913,1800,5905,1.1183169709506298,2759,9052,29,94,Shrub,16,12.91
36.58493259143538,-118.24556844513877,1830,6005,1.1372326221606186,2763,9065,31,103,Shrub,20,23.21
36.584792427368335,-118.24568516494742,1849,6066,1.1488956090465423,2767,9078,32,102,Shrub,15,10.62
36.584547141288354,-118.24583527212607,1879,6166,1.1677999926627918,2770,9088,31,107,Shrub,15,7.7
36.58431620199316,-118.24601724750856,1910,6266,1.1867032841877168,2772,9094,32,118,Shrub,18,7.65
36.58411084787474,-118.24623827490458,1940,6365,1.205477692191268,2776,9108,31,114,Shrub,15,14.07
36.583895582258315,-118.24644162661254,1970,6464,1.224166852093046,2780,9121,24,119,Shrub,16,14.14
36.58371083748662,-118.24669310857024,2001,6564,1.2430985001716426,2784,9134,24,118,Shrub,16,18.53
36.58357350798417,-118.2469771070356,2030,6661,1.2615120374619724,2790,9154,25,129,Shrub,0,18.4
36.58339526015448,-118.24723044904066,2060,6760,1.2802209153010624,2795,9170,23,108,Shrub,20,22.04
36.58323209046418,-118.24749716075931,2090,6858,1.2988446277536807,2801,9190,27,128,Shrub,16,17.59
36.58305239811682,-118.24773743600117,2120,6954,1.3170819255785828,2807,9209,32,113,Shrub,25,21.03
36.58284567378113,-118.24794513592454,2149,7051,1.3354546527729334,2813,9229,29,92,Shrub,21,19.61
36.58263579708489,-118.24812961352768,2178,7145,1.3532238490802684,2817,9242,30,101,Shrub,20,11.29
36.582903567912936,-118.24807938976403,2208,7244,1.371954612732468,2822,9259,32,114,Shrub,16,19.09
36.5827144808924,-118.24825944989325,2234,7331,1.388419463266759,2827,9275,32,102,Shrub,20,16.22
36.58248790575992,-118.2484508604592,2265,7431,1.4073576484496828,2831,9288,27,110,Shrub,20,10.95
36.582250894924435,-118.24860656723062,2295,7529,1.425893212716129,2834,9298,30,83,Shrub,27,7.45
36.58200812189132,-118.24846409480436,2325,7627,1.4444571669665494,2837,9308,22,34,Shrub,34,9.56
36.581778560314085,-118.24828928015704,2355,7725,1.4630696188423813,2841,9321,19,44,Shrub,26,30.06
36.581671598972804,-118.24841768020543,2371,7779,1.4733459620285816,2845,9334,20,50,Shrub,40,14.15
36.581406850037844,-118.24838473750316,2401,7876,1.491749990485552,2850,9350,21,63,Shrub,28,15.65
36.581133536094086,-118.24836668509946,2431,7976,1.510681850684906,2854,9364,21,59,Shrub,25,33.56
36.58100698129336,-118.24844639951891,2447,8028,1.520491799455637,2859,9380,23,57,Shrub,16,14.67
36.58120445979087,-118.2486787006337,2477,8127,1.539282194591606,2864,9396,21,59,Shrub,16,15.2
36.58139536973885,-118.24891548919244,2507,8226,1.5579199628135956,2868,9409,23,84,Forest,16,12.23
36.58157,-118.24911304517072,2533,8312,1.574239268971894,2871,9419,20,30,Shrub,34,12.49
36.58171347795484,-118.24939347795484,2563,8410,1.5927087775231101,2875,9432,24,75,Shrub,34,11.55
36.581955204350855,-118.24952897236089,2593,8506,1.6110448196695693,2879,9446,27,72,Shrub,25,17.7
36.581709560664635,-118.249609290607,2621,8599,1.628612048102538,2885,9465,28,80,Shrub,20,31.79
36.581549222158024,-118.24973572186914,2642,8668,1.6417391324834003,2890,9482,31,84,Shrub,20,14.75
36.58180695667741,-118.24981939133548,2672,8766,1.6601625752304818,2893,9491,29,80,Shrub,14,5.63
36.582070285410644,-118.24990462329382,2702,8865,1.6789823528591348,2897,9505,22,93,Shrub,0,16.57
36.58185166199614,-118.24997833239922,2727,8948,1.6946490736166357,2901,9518,26,74,Shrub,14,12.56
36.58159215109595,-118.25006421953091,2757,9046,1.7132226972330902,2905,9531,22,82,Shrub,21,13.81
36.58132034897294,-118.25010540167077,2788,9146,1.7321620547789536,2908,9541,25,76,Shrub,21,10.13
36.58106848355607,-118.25000969671122,2817,9242,1.7503767180398042,2911,9551,20,57,Shrub,28,10.88
36.580803829287724,-118.24993691464385,2847,9341,1.769124081841904,2915,9564,22,49,Forest,34,35.97
36.580752273051694,-118.2500545461034,2859,9380,1.776567801384786,2920,9580,17,67,Forest,34,31.42
36.58072341233555,-118.25022467799923,2875,9431,1.7862263741072948,2924,9593,20,72,Forest,27,15.32
36.58047088359997,-118.25031336205714,2904,9527,1.8043752322416144,2928,9606,22,63,Shrub,19,12.45
36.580217165269005,-118.2501988067247,2934,9626,1.8230429941363246,2932,9619,21,43,Shrub,16,36.33
36.580170330846784,-118.25031392150538,2945,9664,1.8302109480874114,2936,9633,21,50,Shrub,16,10.05
36.58038042338038,-118.25051810220458,2975,9761,1.8486449202725754,2938,9639,18,66,Shrub,19,5.06
36.580630729798735,-118.25065536489936,3006,9861,1.8675631459646402,2941,9649,22,81,Shrub,19,7.57
36.58084176371905,-118.25086088185952,3035,9959,1.8860940843071934,2944,9659,22,79,Shrub,27,10.88
36.58110949955166,-118.2509,3065,10057,1.9047405591596127,2947,9669,29,92,Shrub,21,14.87
36.581283920581946,-118.25095633109603,3085,10123,1.9172044905633863,2950,9678,30,81,Shrub,22,14.36
36.581027474185895,-118.25106207108814,3116,10222,1.9358901001010207,2954,9692,29,98,Shrub,21,13.52
36.58078704503107,-118.2512252194432,3146,10322,1.9548294575030123,2958,9705,28,85,Shrub,18,12.08
36.580515865327186,-118.2512214663318,3176,10421,1.9735882765487913,2962,9718,27,67,Shrub,18,15.18
36.58024437574544,-118.25121408323395,3206,10520,1.9923718489598854,2966,9731,27,79,Shrub,17,10.06
36.579982665807684,-118.25112944408653,3237,10618,2.011074999550122,2969,9741,30,62,Shrub,20,8.82
36.579730127227585,-118.25100845453358,3267,10717,2.0297914150801857,2972,9751,25,56,Shrub,22,8.85
36.57945819238126,-118.25097902666684,3297,10817,2.0486722001832955,2975,9760,22,69,Shrub,25,15.77
36.57928260238572,-118.25096232763431,3317,10881,2.0608532319432764,2978,9770,19,45,Shrub,25,14.54
36.57947584135485,-118.25117904606454,3346,10976,2.0788413604452693,2982,9783,27,56,Shrub,26,12.41
36.57967087712288,-118.25141270951272,3376,11075,2.0975618484014604,2985,9793,24,72,Shrub,19,11.82
36.57989668698556,-118.25159400609567,3406,11173,2.1161461514971425,2989,9806,29,89,Shrub,21,8.79
36.58015961822471,-118.2516876600977,3436,11273,2.1350626149176386,2992,9816,35,70,Shrub,18,65.78
36.58013405693871,-118.25175269070098,3443,11294,2.139084292382508,2996,9829,40,76,Shrub,18,11.68
36.57986231728,-118.25177990668236,3473,11394,2.157941379282617,2999,9839,35,94,Shrub,21,9.98
36.579595065123996,-118.2517660173664,3503,11492,2.176443460931381,3003,9852,27,65,Shrub,27,11.9
36.579326285981715,-118.25175865300393,3533,11590,2.195039572966126,3006,9862,29,87,Shrub,23,11.3
36.57906791359933,-118.25170901080008,3562,11685,2.2131228158641174,3010,9875,24,78,Shrub,26,14.04
36.57882416018833,-118.25184282227454,3591,11783,2.2315490111669276,3013,9885,23,79,Shrub,24,9.48
36.57856230922653,-118.2517523092265,3622,11882,2.2503462529885456,3016,9895,20,41,Shrub,22,7.07
36.57836769869214,-118.25151539738428,3652,11981,2.269171374873787,3018,9902,27,24,Shrub,30,6.8
36.57817458055458,-118.25128158939341,3682,12080,2.287802250017025,3021,9911,20,35,Forest,32,10.31
36.57795489003865,-118.25108611254831,3712,12178,2.306479033522852,3024,9921,13,25,Shrub,37,14.19
36.577761416010794,-118.25120124016192,3736,12257,2.3213112074378284,3027,9931,7,103,Shrub,43,12.9
36.577723998345746,-118.2515320033085,3766,12355,2.3398656365333514,3031,9944,11,101,Forest,46,13.87
36.57749811569534,-118.251676482348,3794,12447,2.357430681160166,3035,9957,14,64,Forest,27,13.59
36.57723378282614,-118.2517343782826,3824,12545,2.3759954174849307,3039,9970,18,52,Forest,36,15.07
36.57696402708643,-118.25169,3854,12645,2.394816714316133,3043,9984,15,49,Forest,36,12.07
36.57669466796037,-118.25165233398018,3884,12744,2.4135655537012144,3048,10000,11,44,Forest,57,19.38
36.57644696909861,-118.25164229454326,3912,12834,2.4307081039730307,3051,10010,7,212,Forest,31,5.37
36.57617631601304,-118.2516483806184,3942,12933,2.449432390361978,3052,10013,5,111,Shrub,29,-0.85
36.575917193710126,-118.25154487748405,3972,13032,2.468255599475353,3054,10020,1,176,Forest,40,4.48
36.575654112167214,-118.25153593881788,4002,13129,2.4864598783978127,3055,10023,17,82,Forest,54,8.76
36.57543560656578,-118.25148336881253,4026,13210,2.5018535624169265,3058,10033,12,317,Forest,54,11.07
36.5754381114814,-118.25115258527734,4056,13307,2.520229085606799,3060,10039,12,210,Shrub,26,3.37
36.575298225527135,-118.25086614107394,4086,13405,2.5388518535621922,3062,10046,2,38,Shrub,50,6.22
36.575184503230055,-118.25059038065261,4114,13496,2.5560718107980978,3062,10046,10,89,Shrub,20,0.51
36.574969739788585,-118.25048872012081,4139,13580,2.5719642902564277,3063,10049,11,95,Shrub,21,-0.96
36.574712037653725,-118.25058515591297,4169,13678,2.5905772480494744,3063,10049,7,149,Shrub,20,-1.44
36.57444420317529,-118.25064444622184,4199,13778,2.609394000444767,3063,10049,2,27,Shrub,20,1.74
36.574196274406724,-118.25078845323922,4230,13878,2.628317379880707,3064,10052,3,29,Shrub,19,5.54
36.57405259307256,-118.25105897944164,4259,13973,2.646334226348428,3066,10059,4,71,Barren,19,10.88
36.57400219385062,-118.25137967691563,4288,14069,2.6644868815580267,3070,10072,21,111,Barren,0,19.91
36.57384403842812,-118.25164192314378,4317,14165,2.6827049559000016,3074,10085,40,110,Barren,0,12.75
36.57368157199074,-118.25191422722224,4348,14264,2.7015491356212227,3078,10098,24,122,Barren,0,12.51
36.57349878483911,-118.25214373838698,4377,14359,2.719504800748138,3081,10108,20,88,Barren,0,22.2
36.5736587795126,-118.2521324409748,4394,14418,2.730589506799966,3086,10125,34,129,Barren,0,17.73
36.573436776020046,-118.25230837251564,4424,14514,2.7487917878290413,3090,10138,34,95,Barren,0,8.94
36.573168311767475,-118.25232676090015,4454,14612,2.7673896927077037,3092,10144,27,76,Shrub,0,7.32
36.5729117770737,-118.25221424539168,4484,14711,2.7862029689675154,3095,10154,18,42,Shrub,22,19.34
36.572786770298784,-118.25226523317227,4499,14759,2.7953018484797005,3098,10164,24,58,Shrub,22,10.49
36.57293626094343,-118.2525450437737,4529,14858,2.8139708182056546,3101,10174,29,46,Shrub,22,10.34
36.57313543506915,-118.25276834805531,4558,14956,2.832509498564008,3105,10187,17,78,Barren,11,12.8
36.57338431339141,-118.25284162474532,4587,15049,2.8501992643671126,3108,10197,27,121,Barren,0,40.74
36.573467954115245,-118.25284694497026,4596,15080,2.855992286431036,3112,10210,32,124,Barren,0,24.6
36.57336522131033,-118.25301422248276,4615,15141,2.867690329990388,3117,10226,39,127,Barren,0,15.78
36.57360751265072,-118.25285927487081,4645,15241,2.8865308752403327,3121,10240,47,129,Barren,0,30.88
36.573541353938836,-118.25296932303058,4658,15281,2.8941671939982796,3125,10253,47,122,Shrub,21,27.02
36.573471943664266,-118.25310127887002,4672,15327,2.9029297799473284,3130,10269,31,114,Barren,0,25.35
36.57340995119033,-118.25334005857161,4694,15401,2.9168700002074583,3134,10282,29,132,Barren,0,11.94
36.57316545678849,-118.2533690913577,4722,15491,2.9338585500681402,3137,10292,20,80,Barren,12,11.07
36.57290795325525,-118.25325812867591,4752,15590,2.9527066615899455,3141,10305,30,55,Shrub,23,13.99
36.572713188884556,-118.25322154812795,4774,15662,2.9663310240481255,3144,10315,17,51,Barren,18,12.59
36.5728565815017,-118.25350544200228,4804,15761,2.9849613389526044,3148,10328,20,46,Shrub,23,14.02
36.573060886814424,-118.25372226604432,4834,15859,3.003529785822185,3152,10341,28,75,Shrub,22,12.54
36.57321628338046,-118.25395141690228,4861,15947,3.0201904617707642,3156,10354,18,60,Shrub,24,13.56
36.573168346201335,-118.25427496139602,4890,16043,3.03846687793453,3159,10364,15,115,Shrub,21,10.48
36.57309,-118.25460058802726,4920,16143,3.057350004700796,3159,10364,27,216,Shrub,21,-22.34
36.57313771378486,-118.25483665420603,4942,16214,3.0708725862456347,3156,10354,19,305,Forest,36,-11.57
36.57294554413486,-118.25507412973957,4972,16313,3.089600044379713,3154,10348,21,299,Forest,48,-8.69
36.57277376845422,-118.25533763902666,5003,16413,3.1084535308426995,3153,10344,8,32,Shrub,41,-2.86
36.572591923695775,-118.25558605722817,5033,16511,3.127125720313982,3152,10341,8,210,Shrub,42,1.53
36.572335832549705,-118.25570400570496,5063,16611,3.146012646136281,3152,10341,10,231,Forest,41,2.37
36.572141968784685,-118.25592428854377,5092,16707,3.164166532814443,3153,10344,5,326,Forest,41,5.11
36.57196226346839,-118.25617773653161,5122,16806,3.182947977694103,3154,10348,6,314,Shrub,41,4.27
36.571744744952646,-118.25638262752369,5153,16906,3.201814061973076,3155,10351,6,287,Shrub,32,1.14
36.57149231840586,-118.25650152239122,5183,17004,3.220482016065812,3155,10351,9,249,Shrub,53,2.58
36.57131980522511,-118.25675404750794,5213,17101,3.238898983483886,3157,10358,7,66,Shrub,37,10.69
36.57117879902772,-118.2570354306549,5242,17199,3.2573237329304146,3159,10364,10,55,Shrub,30,6.75
36.57103177239476,-118.25731468281572,5272,17297,3.2758731866767614,3161,10371,24,322,Shrub,30,6.44
36.57094,-118.25761891471691,5301,17392,3.293926780796986,3163,10377,6,97,Shrub,28,3.1
36.570987309111246,-118.25794779094468,5331,17490,3.3124873506488797,3163,10377,4,28,Shrub,27,0.24
36.571120778951716,-118.25823623161376,5361,17588,3.3309802188812743,3164,10381,4,28,Shrub,45,0.26
36.571093156089574,-118.25852,5386,17671,3.3468595345017116,3163,10377,4,53,Shrub,31,-4.35
36.57134797318499,-118.25860797318501,5416,17768,3.365150358346676,3162,10374,5,331,Shrub,34,-6.65
36.57155313476298,-118.25881833068567,5445,17865,3.3835336564689427,3161,10371,2,173,Shrub,40,-1.32
36.571755573381296,-118.25904114676258,5475,17964,3.402222929294377,3161,10371,16,62,Shrub,38,1.75
36.571946841500555,-118.25925719308323,5504,18058,3.420085673886346,3163,10377,13,131,Barren,20,18.05
36.572094408264206,-118.25941361928314,5526,18129,3.433490882363139,3167,10390,19,106,Shrub,17,45.26
36.57214250593292,-118.25954,5538,18170,3.4412599095646224,3172,10407,24,94,Barren,0,37.88
36.57206491628426,-118.25968508371574,5554,18221,3.450942943041443,3176,10420,24,104,Shrub,17,59.04
36.57208614554519,-118.25976231267289,5561,18245,3.4554774737788416,3181,10436,22,111,Barren,0,28.06
36.57222505675668,-118.25980965945993,5577,18298,3.4654395257216217,3185,10449,24,117,Barren,17,20.33
36.57211719477329,-118.2600157315911,5599,18370,3.4791037877421926,3190,10466,24,117,Barren,17,17.44
36.5723221838556,-118.25994689686641,5623,18447,3.493789566266212,3193,10476,29,118,Barren,17,11.38
36.572135256682245,-118.26018457219624,5652,18545,3.512269431685458,3197,10489,27,116,Barren,17,14.77
36.57234777103532,-118.26008929004873,5678,18627,3.5278930946571823,3201,10502,28,123,Barren,17,45.02
36.57242557485914,-118.26014311376443,5688,18660,3.534049638359749,3206,10518,33,118,Barren,0,14.89
36.57225246884132,-118.26039645527888,5717,18757,3.552527590939633,3209,10528,35,122,Barren,17,11.63
36.57200016761497,-118.26051993824711,5747,18856,3.5712791522907734,3214,10545,33,88,Shrub,18,39.51
36.57192293008896,-118.26061186590329,5759,18895,3.5786697963154332,3218,10558,38,92,Shrub,18,67.22
36.57196743099805,-118.26067057088932,5767,18919,3.583154230616194,3224,10577,43,90,Shrub,18,19.51
36.57172250203817,-118.26081031071661,5797,19017,3.601789895133139,3229,10594,48,127,Barren,13,17.57
36.57154084136679,-118.26106405681355,5827,19117,3.6206735442199385,3232,10604,48,127,Barren,0,7.01
36.571284450431286,-118.26111298424021,5856,19212,3.6386153287570746,3236,10617,20,79,Barren,0,12.56
36.57106718884657,-118.2613084334603,5886,19310,3.657155338482691,3240,10630,20,103,Barren,0,15.37
36.571263294797845,-118.2613730635849,5908,19384,3.671187208688702,3244,10643,20,73,Barren,0,17.18
36.57107469359741,-118.26157689087165,5936,19475,3.6884614750443077,3248,10656,17,89,Barren,0,10.14
36.57086249784645,-118.26177333620473,5965,19572,3.706751586611073,3250,10663,10,92,Shrub,20,7.39
36.57064751769869,-118.2619824823013,5996,19671,3.7256226510382,3253,10673,17,327,Shrub,29,10.04
36.57042719504005,-118.26213036528031,6024,19763,3.7429357611665317,3257,10686,22,309,Shrub,40,36.85
36.57039219831512,-118.26199737065645,6036,19804,3.750710435484528,3262,10702,22,315,Shrub,40,38.4
36.57031283919973,-118.2618395477337,6053,19858,3.76105458613241,3267,10719,25,308,Shrub,40,18.47
36.57012581407028,-118.26203691834189,6080,19948,3.778012670225573,3272,10735,27,328,Shrub,36,14.93
36.570247767909464,-118.26173180343538,6111,20048,3.7969457594471554,3277,10751,39,301,Shrub,22,36.19
36.57025261282783,-118.26155318289625,6127,20100,3.806874282021225,3283,10771,23,214,Shrub,22,34.59
36.57012798927056,-118.26144840214589,6143,20155,3.81727581015162,3289,10791,20,334,Shrub,15,21.65
36.569926162084954,-118.2616576162085,6173,20251,3.835441083358295,3294,10807,19,295,Shrub,22,18.57
36.569674733114276,-118.26173778649142,6201,20346,3.853393783872944,3299,10823,17,156,Shrub,24,19.21
36.56957865920263,-118.26193396641182,6222,20413,3.866158508766469,3303,10837,40,289,Shrub,28,11.46
36.56938218119145,-118.26215854587235,6252,20511,3.8846072386711348,3307,10850,19,299,Shrub,30,33.25
36.56931327427168,-118.2620650885925,6263,20548,3.8916551781084867,3311,10863,20,301,Shrub,26,9.7
36.56937259852794,-118.26176094521581,6291,20640,3.909042540923558,3314,10873,14,324,Shrub,23,11.85
36.56934680646541,-118.26145041939624,6319,20731,3.9263853149452665,3318,10886,13,340,Barren,0,13.89
36.5693,-118.26112111186963,6349,20829,3.944963761477327,3323,10902,29,335,Barren,0,42.38
36.5691822736461,-118.26099378941018,6366,20886,3.9557499560292317,3329,10922,20,319,Barren,0,19.43
36.56904734026596,-118.26127443289006,6395,20982,3.97392092942288,3335,10942,19,31,Shrub,15,22.55
36.56900411325535,-118.2615841381417,6424,21075,3.9913840668520812,3340,10958,15,29,Shrub,19,33.81
36.56888726721971,-118.26150506650866,6438,21123,4.000582965373727,3346,10978,25,27,Shrub,19,19.9
36.5686406886689,-118.26163138091304,6468,21220,4.019026077739916,3352,10997,11,78,Barren,0,19.33
36.5685330548789,-118.26193864498268,6498,21319,4.037648787507147,3357,11014,10,60,Barren,24,19.53
36.568404412788894,-118.26222414593222,6527,21415,4.055835092993648,3362,11030,13,35,Barren,0,9.13
36.568201933371554,-118.26244756921312,6557,21514,4.074549192135195,3365,11040,11,118,Barren,16,7.92
36.56802203650017,-118.2626794598458,6586,21608,4.092460135829733,3367,11047,9,136,Shrub,19,5.2
36.567843044346695,-118.26293054184995,6616,21707,4.111111026953935,3371,11060,18,270,Barren,0,15.71
36.567712429624166,-118.26322018766888,6646,21804,4.129565040059887,3376,11076,24,216,Barren,0,23.39
36.56757100899788,-118.26350522494702,6676,21902,4.148177998351262,3382,11096,12,45,Barren,6,25.43
36.56751526572339,-118.2638132297842,6704,21995,4.16571816940689,3388,11115,16,32,Barren,0,21.43
36.567385812647004,-118.26409068852902,6733,22089,4.183544459682884,3394,11135,10,62,Barren,6,21.76
36.567413914408434,-118.26433361863855,6755,22161,4.197179662341228,3401,11158,30,123,Barren,0,26.1
36.56720185104894,-118.26453507309213,6784,22259,4.215630196487745,3407,11178,12,73,Barren,0,22.4
36.56709807987124,-118.26480821298998,6811,22347,4.232416542175806,3414,11201,14,58,Barren,0,27.77
36.56726190310491,-118.26500247751608,6837,22430,4.248065299673118,3421,11224,39,96,Barren,0,26.23
36.567063233886536,-118.26521587109231,6866,22526,4.26621432932705,3429,11250,25,101,Barren,0,30.19
36.566999699641876,-118.26554241388773,6896,22624,4.284880162532409,3436,11273,28,119,Barren,0,21.51
36.56691594012348,-118.2658669820215,6926,22724,4.303819519472461,3442,11293,24,121,Barren,0,12.81
36.566882741598185,-118.2661915967131,6956,22820,4.321999161590109,3447,11309,29,169,Barren,0,15.1
36.566889841516414,-118.2665323927878,6986,22920,4.340938519209642,3451,11322,44,160,Barren,0,10.56
36.56683923153605,-118.26686179308254,7016,23019,4.359570249865716,3455,11335,27,138,Barren,0,10.66
36.56677334997141,-118.26718507487136,7046,23116,4.378099372959745,3458,11345,18,155,Barren,0,10.45
36.56675770397797,-118.26751432007342,7075,23213,4.396422668521818,3461,11355,30,160,Barren,0,8.55
36.56671838419786,-118.26785100542776,7106,23313,4.415324023456606,3463,11362,22,159,Barren,0,4.91
36.5666633326404,-118.26818400332604,7136,23413,4.434211673670839,3466,11371,21,143,Barren,0,13.41
36.5666525362576,-118.26850760877278,7165,23508,4.45220519143865,3470,11385,32,149,Barren,0,22.16
36.56678496949034,-118.26831676836551,7188,23582,4.466216653701228,3475,11401,32,156,Barren,0,15.69
36.56691848635133,-118.26802504549556,7218,23680,4.484870106716494,3478,11411,35,170,Barren,0,17.17
36.56697425308141,-118.26784275924425,7235,23737,4.495706829413506,3482,11424,29,176,Barren,0,28.52
36.56707925956842,-118.26780888935264,7247,23777,4.503209961952998,3485,11434,11,168,Barren,0,9.04
36.567274897709154,-118.26763300327265,7274,23865,4.519901433909781,3487,11440,8,187,Barren,0,7.53
36.56742549589765,-118.26736506711514,7303,23961,4.538069564687243,3491,11453,12,179,Barren,0,12.83
36.56743159340758,-118.26768498900663,7332,24055,4.555847763750322,3495,11467,29,161,Barren,0,32.83
36.56747011269761,-118.26784189331244,7347,24103,4.5649626616950245,3499,11480,24,139,Barren,0,12.87
36.56733628231297,-118.26813929421758,7377,24203,4.583901315312561,3503,11493,38,138,Barren,0,18.81
36.567214217962345,-118.26844445509414,7408,24303,4.602840669550903,3508,11509,39,137,Barren,0,16.43
36.56708980193126,-118.26866337734862,7432,24382,4.617739721521723,3512,11522,27,126,Barren,0,24.85
36.567048855672,-118.26888286082,7452,24448,4.63025775612298,3516,11535,24,116,Barren,0,11.08
36.56692679169961,-118.26918802075099,7482,24548,4.64919710814486,3522,11555,19,72,Barren,0,22.42
36.56680961107163,-118.26949606955299,7513,24648,4.668133251594267,3529,11578,33,133,Barren,0,29.57
36.56677187714111,-118.26982853238854,7543,24746,4.686786817778068,3535,11598,48,133,Barren,0,20.11
36.566628677986465,-118.27007258623769,7570,24835,4.703578036874572,3541,11617,39,82,Barren,0,17.0
36.566364430593914,-118.27013784087411,7600,24933,4.7222122303255025,3546,11634,45,79,Barren,0,11.34
36.566090696159556,-118.27013001989027,7630,25033,4.741151587925502,3549,11644,42,82,Barren,0,10.94
36.565860227958005,-118.27025159570604,7658,25125,4.758465026585147,3554,11660,24,64,Barren,0,21.69
36.56576947334351,-118.27053157996946,7685,25213,4.775238793047413,3561,11683,38,132,Barren,0,30.32
36.56571659441041,-118.2708528978867,7714,25310,4.793460806024221,3568,11706,45,140,Barren,0,24.54
36.565626064434554,-118.27117329121985,7745,25409,4.8123299702603655,3575,11729,32,134,Barren,0,23.41
36.56556880443327,-118.2714294254048,7768,25487,4.827100717611133,3582,11752,33,145,Barren,0,34.22
36.56557784873877,-118.27167581513477,7791,25559,4.840803465872417,3587,11768,43,140,Barren,0,15.66
36.56545548850435,-118.27194557471304,7818,25650,4.858015065855279,3591,11781,22,111,Barren,0,9.64
36.56536009780133,-118.27178188874166,7836,25710,4.86925043265543,3596,11798,34,15,Barren,0,21.28
36.56527,-118.27209427420289,7866,25807,4.88769046560286,3602,11818,23,70,Barren,0,27.22
36.565183726466046,-118.27240296111968,7895,25903,4.905848616358688,3609,11841,24,17,Barren,0,20.79
36.56504974628416,-118.27269019028688,7925,26000,4.924301965240248,3613,11854,19,319,Barren,0,6.89
36.56489768286717,-118.2729607196852,7954,26097,4.942646620005578,3615,11860,18,279,Barren,0,1.12
36.56471013690613,-118.27318986309386,7984,26193,4.960822272489722,3618,11870,3,38,Barren,0,10.41
36.56453170678222,-118.2734442470679,8014,26292,4.979585610711947,3621,11880,23,99,Barren,0,9.39
36.5643568510157,-118.27369986173824,8044,26391,4.998239276860019,3624,11890,22,87,Barren,0,14.74
36.56420273054313,-118.27396817364217,8073,26488,5.01656564650626,3627,11900,12,99,Barren,0,9.07
36.56407160973313,-118.27426723256931,8104,26587,5.035494811557757,3630,11909,10,107,Barren,0,3.55
36.56394385734791,-118.2745683770091,8134,26687,5.054415850096554,3631,11913,11,156,Barren,0,1.13
36.56386682403349,-118.27488553646884,8164,26785,5.072824419970299,3631,11913,20,190,Barren,0,-2.85
36.56378607491939,-118.27520630293006,8194,26883,5.091500167185978,3631,11913,14,155,Barren,0,-2.6
36.56368,-118.27551050273512,8224,26980,5.109924732525511,3632,11916,10,159,Barren,0,9.21
36.563625476845004,-118.275825950941,8252,27075,5.127851450197944,3634,11923,18,85,Barren,0,12.46
36.56351027587261,-118.2761340896204,8283,27175,5.1467345756246425,3638,11936,12,100,Barren,0,13.91
36.56345530001624,-118.27645041815524,8312,27270,5.164715744593151,3642,11949,23,109,Barren,0,21.82
36.563430066812465,-118.2766940133625,8334,27342,5.178361410644957,3646,11962,14,115,Barren,0,22.68
36.56338620820437,-118.27689117476787,8352,27402,5.18972758511143,3650,11975,7,106,Barren,0,17.56
36.56343156100507,-118.27721497608117,8381,27498,5.207988714559572,3654,11988,14,139,Barren,0,10.49
36.5633936054607,-118.27754717679201,8411,27597,5.226630813530537,3658,12001,11,71,Barren,0,9.47
36.56330604356762,-118.2778697821619,8442,27697,5.245549735048915,3660,12008,12,143,Barren,0,4.94
36.56323988479952,-118.27820057600239,8472,27797,5.264489091507808,3661,12011,5,198,Barren,0,0.83
36.56323479739784,-118.27853378356033,8502,27894,5.283004718065879,3663,12018,4,43,Barren,0,5.47
36.563081147404404,-118.27881389819365,8533,27994,5.301850123765392,3665,12024,5,48,Barren,5,6.18
36.56298631543974,-118.27913105368079,8563,28093,5.320651999508982,3666,12028,6,40,Barren,0,6.31
36.563,-118.27946488653741,8593,28191,5.339223219462643,3667,12031,5,114,Barren,4,1.68
36.56295097379757,-118.27977194759515,8621,28283,5.356616704801368,3668,12034,8,347,Barren,0,2.24
36.56297507222922,-118.28008985554155,8649,28377,5.374357520412935,3670,12041,8,39,Barren,0,7.83
36.56284503823908,-118.28037496176091,8679,28473,5.392573045973766,3672,12047,6,37,Barren,0,10.64
36.562609223431544,-118.28053504769493,8708,28571,5.4111517462091445,3675,12057,6,58,Barren,0,11.06
36.562605607427344,-118.28086208260801,8738,28667,5.429322959486938,3680,12073,8,57,Barren,0,23.98
36.56265314556402,-118.28113791076679,8763,28750,5.44499630376832,3685,12090,23,97,Barren,0,43.75
36.56260106243754,-118.28128920317184,8778,28798,5.454141356929732,3691,12110,28,94,Barren,0,37.59
36.562487081684864,-118.28145518924408,8797,28862,5.466274074161184,3698,12133,27,104,Barren,0,60.86
36.56254051052123,-118.28155289360865,8808,28897,5.472841004733771,3704,12152,29,100,Barren,0,44.26
36.56250422168787,-118.28169577831213,8821,28941,5.481166834924841,3710,12172,20,111,Barren,0,17.19
36.562271552746644,-118.28186587635015,8851,29039,5.499830211058609,3715,12188,20,82,Barren,0,18.14
36.56203336775573,-118.28203386020355,8882,29139,5.518765431773017,3720,12205,25,92,Barren,0,31.65
36.56208670742071,-118.28218621837215,8896,29188,5.527999378593485,3726,12224,16,40,Barren,0,25.18
36.561965300269094,-118.2823590339612,8917,29255,5.540755166418695,3731,12241,19,42,Barren,0,37.0
36.56183139198793,-118.28244518931724,8934,29310,5.551181409622436,3736,12257,24,55,Barren,0,25.28
36.561687126313615,-118.28243285052545,8950,29363,5.561183871113794,3740,12270,25,63,Barren,0,12.45
36.56183548743454,-118.28269914572424,8979,29458,5.579189623458044,3744,12283,23,25,Barren,0,13.98
36.56165673202201,-118.28259859618922,9001,29530,5.59275766890932,3748,12297,25,55,Barren,0,18.05
36.56171946182387,-118.28283789236478,9023,29604,5.606742856023392,3752,12310,26,27,Barren,0,13.93
36.56149128514368,-118.28267449800289,9052,29700,5.624950472143914,3756,12323,28,42,Barren,0,16.52
36.56159050302719,-118.28296097787583,9080,29791,5.642283578801444,3760,12336,22,30,Barren,0,11.51
36.56137817229416,-118.28274725844125,9111,29891,5.661170144320589,3763,12346,29,33,Barren,0,22.73
36.56140352096475,-118.28289515795456,9124,29935,5.669572300276194,3767,12359,25,38,Barren,0,12.21
36.56151334472527,-118.28320668945052,9155,30035,5.688474386721539,3771,12372,28,36,Barren,0,16.88
36.56130368324018,-118.2830398931843,9182,30126,5.70568479549863,3775,12385,28,32,Barren,0,49.78
36.561285421684694,-118.28311626505409,9190,30149,5.71011198323024,3779,12398,28,32,Barren,0,12.76
36.56140472380524,-118.28342239237153,9220,30249,5.729016399728702,3783,12411,28,37,Barren,0,45.47
36.56139385376528,-118.28351308301222,9228,30276,5.7341108834291585,3787,12425,29,32,Barren,0,28.68
36.561394946611635,-118.28367483983492,9243,30324,5.743098270576584,3790,12434,27,27,Barren,0,34.38
36.56130895780197,-118.28364211743562,9253,30356,5.749317812955415,3794,12448,24,36,Barren,0,14.52
36.56136551056626,-118.28391306339758,9278,30439,5.7648713009774255,3797,12457,28,20,Barren,0,10.43
36.561420408089674,-118.28424469363226,9308,30538,5.7836836205137185,3801,12470,28,29,Barren,0,40.87
36.56134073362955,-118.28425073362955,9317,30567,5.789204957413369,3804,12480,23,31,Barren,0,13.67
36.56114,-118.28412918347352,9342,30649,5.804645023207845,3808,12493,20,47,Barren,0,12.15
36.561253235698445,-118.28442863698851,9371,30746,5.8230339626081395,3812,12507,23,42,Barren,0,18.73
36.56133688767309,-118.28461844383655,9391,30809,5.835062624815539,3815,12516,25,36,Barren,0,13.12
36.56110028957265,-118.28447,9420,30906,5.853388943839358,3819,12530,25,61,Barren,0,35.54
36.56110600202281,-118.28457550353991,9430,30937,5.859263954153353,3822,12539,25,38,Barren,0,10.92
36.5612493707069,-118.28484392611824,9458,31032,5.8771735435844,3825,12549,24,46,Barren,0,12.37
36.561032919689104,-118.28472922834936,9485,31117,5.893445337228699,3829,12562,23,57,Barren,0,38.23
36.56101767833317,-118.2848313690741,9494,31148,5.89921731133721,3833,12575,25,59,Barren,0,21.3
36.560868727974196,-118.28495501762065,9514,31213,5.911600617858576,3837,12589,24,102,Barren,0,40.44
36.56093143785048,-118.28504000000001,9524,31247,5.918012229029204,3840,12598,26,86,Barren,0,51.04
36.56089386947424,-118.28509693473711,9531,31269,5.922106017454535,3844,12612,26,78,Barren,0,12.79
36.56105693051148,-118.28527772204592,9555,31349,5.937209238295126,3847,12621,29,22,Barren,0,37.75
36.56103224384855,-118.28537783400623,9564,31379,5.943027612794017,3851,12635,31,29,Barren,0,20.65
36.56105143720151,-118.28558574880604,9583,31441,5.9546552725171695,3854,12644,33,22,Barren,0,21.64
36.56097019749888,-118.28546197498888,9597,31488,5.963536039468465,3858,12657,35,20,Barren,0,13.82
36.56100604125357,-118.28579125743573,9627,31585,5.981998021075685,3863,12674,43,193,Barren,0,22.62
36.560967635226106,-118.28612003352603,9657,31682,6.00045679827353,3870,12697,39,26,Barren,0,27.57
36.56098580396665,-118.28645272578326,9687,31780,6.018983666194118,3877,12720,41,18,Barren,0,24.16
36.56097627149573,-118.28679237102563,9717,31880,6.037865679386428,3883,12740,38,10,Barren,0,58.48
36.560917483848,-118.28671490308798,9727,31911,6.043786869485452,3890,12762,44,3,Barren,0,34.06
36.560833243904064,-118.28654540243174,9744,31970,6.054861163768129,3894,12776,39,16,Barren,0,12.63
36.56076908345955,-118.28627649772804,9769,32052,6.070446618080913,3898,12789,37,9,Barren,0,61.48
36.560715847726996,-118.28627678181596,9775,32071,6.074128999044001,3902,12802,39,5,Barren,0,7.44
36.56066164073527,-118.28594312588217,9806,32171,6.093042200020976,3905,12812,43,139,Barren,0,29.09
36.560613385102236,-118.2858565760711,9815,32202,6.098895812768308,3908,12822,38,159,Barren,0,23.78
36.560581184330346,-118.28607697236623,9835,32268,6.11134189118841,3913,12838,42,5,Barren,0,56.38
36.56053601026994,-118.28618207188956,9846,32303,6.117964677542991,3919,12858,41,22,Barren,0,54.44
36.5605,-118.28631681557005,9859,32345,6.125854508911396,3925,12877,36,12,Barren,0,66.51
36.56045451975213,-118.28640615801704,9868,32376,6.131731280729599,3933,12904,35,36,Barren,0,46.02
36.56039168242003,-118.28661485821975,9888,32441,6.144114500526065,3941,12930,39,79,Barren,0,26.71
36.56045915908407,-118.28691099090088,9916,32531,6.16121679690706,3947,12949,39,32,Barren,0,31.91
36.560326615162964,-118.28682661516297,9932,32586,6.171513945087376,3951,12963,35,34,Barren,0,7.47
36.56025,-118.28650803326396,9962,32683,6.189990649833394,3954,12972,40,14,Barren,0,18.22
36.56019932500418,-118.28641656255223,9972,32716,6.196164336881995,3958,12986,41,18,Barren,0,13.44
36.56019867818991,-118.28675547873397,10002,32815,6.214994571460394,3963,13002,41,110,Barren,0,29.56
36.56015835507694,-118.28697002609232,10022,32880,6.227236790600623,3967,13015,32,30,Barren,0,13.35
36.560090331631876,-118.28665099489564,10051,32977,6.245576052437668,3970,13025,36,57,Barren,0,33.21
36.560076389280454,-118.28673976962796,10059,33003,6.2506017820988005,3974,13038,36,288,Barren,0,64.75
36.56003,-118.28674588387429,10065,33020,6.253828488181854,3978,13051,33,79,Barren,0,47.32
36.559965420817484,-118.28681121264265,10074,33051,6.259584220732113,3981,13061,34,263,Barren,0,50.82
36.559932643051525,-118.28675039509251,10080,33072,6.263653412958882,3986,13077,36,75,Barren,0,27.94
36.55986292637337,-118.28694463186686,10099,33135,6.275473680802454,3990,13091,35,64,Barren,0,20.91
36.55982615943633,-118.28674135873172,10118,33196,6.287050387469715,3994,13104,38,329,Barren,0,13.39
36.55961878276468,-118.28654700641174,10147,33290,6.30500487804702,3998,13117,40,36,Barren,0,53.34
36.559616101260055,-118.28664254176408,10155,33319,6.310316101441322,4002,13130,39,50,Barren,0,10.86
36.55970593164882,-118.28692385884369,10183,33407,6.327135989287461,4006,13143,41,338,Barren,0,12.35
36.55970701738387,-118.2872581274817,10212,33505,6.345708223444661,4010,13156,34,27,Barren,0,16.1
36.55984136602546,-118.28755136602545,10243,33604,6.3644646194010575,4014,13169,35,54,Barren,0,13.19
36.55992949546915,-118.28785029757387,10271,33698,6.382156702591505,4018,13182,35,2,Barren,0,11.98
36.559943245419404,-118.28818841754938,10301,33797,6.400966771055585,4021,13192,34,13,Barren,0,12.23
36.559994584942864,-118.28852126448575,10332,33897,6.419797677768309,4026,13209,34,17,Barren,0,47.18
36.55990964584159,-118.28849567449261,10341,33929,6.4258425499022005,4030,13222,32,19,Barren,0,13.5
36.559775269228034,-118.28820053845607,10372,34028,6.4446915355261885,4035,13238,33,13,Barren,0,55.35
36.55969239507977,-118.28825548118375,10382,34062,6.45118611900924,4040,13255,30,14,Barren,0,55.6
36.559629174388895,-118.28833986673739,10393,34096,6.457597453636186,4045,13271,31,13,Barren,0,18.43
36.559511196117306,-118.28803598058651,10423,34195,6.476350239891844,4051,13291,37,10,Barren,0,36.93
36.55946175844121,-118.28819010649943,10438,34244,6.485571098740412,4056,13307,35,9,Barren,0,29.37
36.55944187398525,-118.28837187398526,10454,34298,6.4957634275030465,4061,13323,34,17,Barren,0,16.66
36.559305646003565,-118.28807642120783,10484,34398,6.514691237700575,4066,13340,31,14,Barren,0,16.11
36.559145613003935,-118.28780122600787,10515,34497,6.533567698219954,4071,13356,33,20,Barren,0,13.91
36.55897910317158,-118.28753213756211,10545,34597,6.552440438826989,4076,13373,32,30,Barren,0,44.21
36.55887,-118.28749830104704,10558,34638,6.560217809960865,4081,13389,32,26,Barren,0,17.8
36.55893712516564,-118.2878179465469,10587,34735,6.578574518934316,4086,13406,31,16,Barren,0,17.67
36.55874559116373,-118.28758192690643,10617,34833,6.5972155130417205,4092,13425,31,29,Barren,0,19.36
36.558564183466935,-118.28734403057783,10647,34930,6.615440881190828,4097,13442,27,44,Barren,0,18.57
36.558602303553165,-118.28763842842532,10673,35017,6.632009130564274,4102,13458,34,27,Barren,0,18.62
36.55867767984487,-118.28796551323757,10704,35117,6.6509154535024235,4107,13474,34,30,Barren,0,14.39
36.55876866934862,-118.28828645159632,10734,35217,6.669825252514415,4112,13491,38,18,Barren,0,17.19
36.558796816384,-118.28862408192,10764,35316,6.688685098714254,4117,13507,35,20,Barren,0,15.48
36.55885685440687,-118.28895483525494,10795,35416,6.707525472618944,4122,13524,34,26,Barren,0,15.25
36.55890669735155,-118.28928348675778,10825,35514,6.726108282909687,4126,13537,35,22,Barren,0,12.95
36.558909409677106,-118.28962206613011,10855,35613,6.744921001048385,4131,13553,35,5,Barren,0,19.22
36.55889,-118.28995877193779,10885,35712,6.7636768026916325,4137,13573,45,10,Barren,0,23.61
36.55885913614867,-118.29029666199304,10916,35812,6.782571290315291,4144,13596,41,14,Barren,0,21.39
36.558868913984874,-118.29062239789411,10945,35908,6.800682121266128,4149,13612,44,7,Barren,0,14.17
36.55888916742889,-118.29096167428891,10975,36007,6.819584624486714,4153,13625,40,8,Barren,0,8.06
36.55899389321448,-118.29126839013014,11005,36105,6.838101760342406,4154,13629,43,37,Barren,0,-1.77
36.55921986567251,-118.29144851385963,11035,36203,6.8566617587223995,4152,13622,37,42,Barren,0,-19.84
36.559424457009776,-118.29165891401954,11064,36300,6.875017302698173,4147,13606,35,184,Barren,0,-28.64
36.5596048257293,-118.29190191879482,11094,36397,6.893400593116961,4141,13586,46,239,Barren,0,-24.65
36.55977304518997,-118.2921290064557,11121,36488,6.910564021884908,4134,13563,47,261,Barren,0,-37.7
36.55988926070488,-118.29229926070488,11141,36553,6.922977736854179,4127,13540,36,244,Barren,0,-27.97
36.56005200240218,-118.29256560432391,11171,36652,6.941570807389897,4120,13517,39,251,Barren,0,-15.91
36.560290394784516,-118.29272039478451,11201,36750,6.96016850499326,4115,13501,45,221,Barren,0,-16.87
36.56043565148207,-118.29300569000145,11232,36849,6.978935637240877,4111,13488,46,216,Barren,0,-9.14
36.56060460233104,-118.29299129728045,11250,36911,6.990649394187422,4110,13484,51,308,Barren,0,8.14
36.560856637295856,-118.29293123898596,11279,37004,7.008399268638204,4113,13494,40,245,Barren,0,17.93
36.561084765644836,-118.29277936196263,11308,37099,7.026293527329254,4117,13507,30,286,Barren,0,18.94
36.561314025674534,-118.29259409445282,11338,37199,7.045199357846266,4121,13520,25,286,Barren,0,16.58
36.5615763177485,-118.29249842056288,11369,37299,7.064104909286863,4125,13533,31,261,Barren,0,10.21
36.56184788285078,-118.2925,11399,37398,7.082889433143762,4129,13547,32,261,Barren,0,16.77
36.56211009962612,-118.29248803985047,11428,37494,7.1010392907470345,4134,13563,30,238,Barren,0,15.23
36.562357090757146,-118.29262882103595,11458,37593,7.119829135920742,4139,13579,29,233,Barren,0,18.19
36.562610024101396,-118.29275936727814,11489,37693,7.138768494239372,4143,13593,33,223,Barren,0,13.35
36.56281268430153,-118.29298335537692,11519,37792,7.157513367576961,4147,13606,32,220,Barren,0,10.55
36.563035211986424,-118.29317521198642,11549,37891,7.176236165087771,4151,13619,27,235,Barren,0,27.4
36.56298144279688,-118.29302216419532,11564,37940,7.185517018260535,4155,13632,30,228,Barren,0,11.47
36.56285216741536,-118.29272172396917,11594,38040,7.204453197289459,4159,13645,31,216,Barren,0,14.51
36.56273682704568,-118.29242455136378,11624,38136,7.222790123077267,4163,13658,28,222,Barren,0,14.01
36.56257327639824,-118.29217553571596,11653,38231,7.240661473851643,4167,13671,30,227,Barren,0,52.75
36.56263644051374,-118.29210656386988,11662,38261,7.246472920827036,4172,13688,25,229,Barren,0,14.87
36.56288219022851,-118.29225033322498,11692,38361,7.265254702600928,4176,13701,24,224,Barren,0,14.96
36.56311365074904,-118.29242728567414,11723,38460,7.284042448758282,4181,13717,26,212,Barren,0,15.36
36.563347704511344,-118.29258741757526,11752,38557,7.3025154957568,4185,13730,26,224,Barren,0,12.08
36.56359747155127,-118.2926047960035,11780,38649,7.319818987496103,4186,13734,45,303,Barren,0,-7.39
36.56381974356985,-118.29266965809315,11806,38732,7.335610337880901,4188,13740,46,271,Barren,0,13.38
36.56405958264344,-118.29257447830429,11834,38824,7.353022518962106,4190,13747,50,213,Barren,0,11.06
36.5642274306437,-118.29261638472616,11853,38887,7.36486380279385,4191,13750,48,319,Barren,0,-4.25
36.56447210678062,-118.29253256673789,11881,38979,7.38241714223426,4191,13750,47,272,Barren,0,-5.36
36.564701839883696,-118.29243,11908,39068,7.399298704961377,4190,13747,36,269,Barren,0,-2.65
36.56493280793934,-118.29256801323224,11937,39162,7.417019604829902,4191,13750,37,270,Barren,0,6.85
36.565169600184824,-118.2925077998614,11963,39250,7.433736789417566,4191,13750,38,242,Barren,0,3.65
36.56536431034759,-118.2926960775869,11991,39340,7.450789793928692,4192,13753,39,232,Barren,0,4.15
36.56558012440129,-118.2926535729041,12015,39420,7.465903395944652,4193,13757,36,298,Barren,0,1.45
36.56581421687522,-118.29248315260399,12045,39519,7.484660574935762,4194,13760,42,300,Barren,0,3.7
36.566070254940385,-118.29245101308105,12074,39613,7.502460660228145,4194,13760,39,259,Barren,0,-3.92
36.566332820165236,-118.29245443168823,12103,39709,7.520623445280756,4194,13760,42,222,Barren,0,3.45
36.56654511970795,-118.29255023941592,12128,39791,7.536243189816999,4193,13757,46,209,Barren,0,-11.34
36.566749082850095,-118.29268817555007,12154,39876,7.55229827382746,4189,13743,44,269,Barren,0,-23.38
36.56700097369995,-118.29280097369995,12184,39974,7.570814362650534,4183,13724,36,154,Barren,0,-22.55
36.56721749567505,-118.29295749882047,12212,40065,7.588132714706277,4181,13717,35,281,Barren,0,-0.03
36.5674881948232,-118.29300595790664,12242,40165,7.607049678516454,4182,13720,37,245,Barren,0,13.62
36.56775801078019,-118.29298817691807,12272,40264,7.625739131395272,4185,13730,33,278,Barren,0,17.07
36.56801521381446,-118.29287126644797,12303,40364,7.644678490938503,4189,13743,34,275,Barren,0,18.71
36.568276261842286,-118.29276982577746,12333,40464,7.663594308601235,4193,13757,36,271,Barren,0,14.47
36.56854668177604,-118.2927256744506,12364,40563,7.682459546132047,4198,13773,35,268,Barren,0,16.66
36.56881601090941,-118.29267916515148,12394,40663,7.701267521808323,4203,13789,32,263,Barren,0,16.43
36.56908812968429,-118.29264137087719,12424,40763,7.720206879531726,4207,13802,36,262,Barren,0,12.65
36.56935657922563,-118.29257669164983,12455,40863,7.739120145382906,4211,13816,32,274,Barren,0,9.06
36.56962732517685,-118.29256866580808,12485,40962,7.757853109828457,4214,13825,33,265,Barren,0,10.27
36.56990036086283,-118.29254578038486,12516,41061,7.776781893617428,4218,13839,32,261,Barren,0,14.56
36.57017199036636,-118.29250668791626,12546,41161,7.795695758803996,4222,13852,33,259,Barren,0,15.51
36.570441649793175,-118.29244955816749,12576,41261,7.8146163373827715,4226,13865,30,261,Barren,0,12.75
36.57071541952143,-118.29244397103017,12607,41361,7.8335556949891005,4230,13878,31,262,Barren,0,7.75
36.57098349565931,-118.29240325217035,12637,41460,7.852236141131683,4233,13888,26,279,Barren,0,9.92
36.571210309924346,-118.29222589454251,12667,41558,7.870762192109554,4236,13898,23,303,Barren,0,9.16
36.571399985577614,-118.29198001869568,12697,41658,7.889701549710669,4238,13904,17,296,Barren,0,7.63
36.571649402705276,-118.29184088631644,12728,41758,7.9086060805767655,4241,13914,19,270,Barren,0,7.54
36.571905215992096,-118.29172909785102,12758,41857,7.927358919044729,4244,13924,27,280,Barren,0,12.78
36.57215068080562,-118.29157804258116,12788,41957,7.946298277350135,4247,13934,16,258,Barren,0,13.52
36.57241595960642,-118.29150955710473,12819,42055,7.9650380143388,4251,13947,17,252,Barren,0,12.61
36.57268429466721,-118.29149224361896,12848,42154,7.983623811356418,4255,13960,17,247,Barren,0,13.25
36.57295452928291,-118.2915216679026,12879,42253,8.002387429987188,4259,13973,16,240,Barren,0,12.93
36.573220831690094,-118.29159929109153,12909,42353,8.021305697042045,4263,13986,18,231,Barren,0,13.91
36.57349085807851,-118.29165123823385,12939,42452,8.040205184025618,4267,13999,18,226,Barren,0,15.25
36.57374565689467,-118.29176869827481,12970,42552,8.058998824181144,4271,14012,21,224,Barren,0,9.53
36.57396735087431,-118.29196404864132,13000,42651,8.077784817450995,4274,14022,20,220,Barren,0,11.15
36.574205044527446,-118.29212611018824,13030,42750,8.096529559467756,4277,14032,22,221,Barren,0,7.62
36.574423216785405,-118.29232653998413,13060,42849,8.115283329825242,4280,14042,20,211,Barren,0,8.52
36.57464319068423,-118.29252286171771,13090,42948,8.134003656280633,4283,14052,21,216,Barren,0,10.04
36.57486138606495,-118.2927093953828,13120,43044,8.152310971333776,4285,14058,23,196,Barren,0,5.23
36.57501472458074,-118.29299186106978,13150,43144,8.171250330219676,4288,14068,21,208,Barren,0,9.91
36.575221990269476,-118.29321253307025,13181,43244,8.190113080742202,4290,14075,24,213,Barren,0,8.92
36.57542289664561,-118.29344331045215,13211,43344,8.209019705949581,4293,14085,21,209,Barren,0,11.31
36.57562462065855,-118.2936738521812,13242,43444,8.227959063851152,4296,14094,23,212,Barren,0,7.14
36.575806477284125,-118.29392867253672,13272,43544,8.246895742744888,4299,14104,20,196,Barren,0,11.28
36.57595178359898,-118.2942158186588,13302,43643,8.265748929991444,4302,14114,29,189,Barren,0,12.03
36.57609426282996,-118.29450697186994,13333,43743,8.284688290788063,4306,14127,25,197,Barren,0,11.02
36.57620422124076,-118.29481812648078,13363,43843,8.30357194462358,4309,14137,24,188,Barren,0,8.82
36.57630329172195,-118.29513597760794,13394,43943,8.32251130933398,4312,14147,29,196,Barren,0,12.11
36.576397478567046,-118.29545598875862,13424,44043,8.341443674417436,4316,14160,25,172,Barren,0,13.43
36.57646419277428,-118.2957858933094,13455,44143,8.36034140743996,4319,14170,29,187,Barren,0,9.25
36.57651,-118.29612170921565,13485,44243,8.379262587060857,4322,14180,30,179,Shrub,0,8.51
36.5765265617548,-118.29646004848153,13515,44342,8.39809162557636,4325,14190,24,176,Shrub,0,10.39
36.57655253898861,-118.29679222707973,13545,44440,8.416630846006914,4328,14199,25,188,Shrub,0,12.21
36.57673125920563,-118.29702435423,13574,44534,8.43449379505189,4332,14213,16,211,Barren,0,13.22
36.57698417174523,-118.29710805724841,13603,44630,8.45259523356378,4336,14226,8,219,Barren,0,17.07
36.57715605797022,-118.29695773913402,13627,44707,8.467123809952026,4340,14239,14,240,Shrub,0,17.64
36.57736123555771,-118.29675010393046,13656,44803,8.485411660913323,4345,14255,12,241,Grassland,0,15.32
36.57762315340155,-118.29665786174596,13686,44902,8.504239293485336,4349,14268,9,249,Grassland,0,19.69
36.577730360422635,-118.29641981978867,13711,44983,8.519399383815248,4354,14285,11,252,Grassland,0,13.84
36.57795943579642,-118.29623584630536,13741,45082,8.538254238681741,4358,14298,7,268,Grassland,0,10.58
36.57817586658043,-118.29603316085026,13771,45181,8.5569859298021,4362,14311,15,289,Barren,0,15.1
36.578009795619174,-118.29577125547272,13801,45279,8.575522469902134,4366,14324,12,257,Barren,0,15.49
36.577881432953575,-118.29547286590716,13831,45378,8.594325565182839,4370,14337,10,248,Grassland,0,12.26
36.57776350265925,-118.29516886929943,13861,45477,8.61307883992232,4374,14350,7,248,Barren,0,14.15
36.5777033451699,-118.29483676135922,13892,45577,8.631990043691657,4379,14367,10,235,Barren,0,16.08
36.577661279487444,-118.29450146891082,13922,45677,8.650840594367581,4383,14380,14,235,Shrub,0,13.27
36.577546270484525,-118.29419382315902,13953,45776,8.669690472435118,4388,14396,13,234,Barren,0,14.45
36.577479609734105,-118.29386375574566,13983,45876,8.688595827097043,4392,14409,12,231,Barren,0,12.73
36.57740329845315,-118.29354808229468,14012,45973,8.706907988604248,4396,14423,14,217,Shrub,0,15.52
36.57765139607406,-118.29340383949183,14043,46073,8.725847350124575,4400,14436,12,224,Barren,0,14.75
36.57789761490727,-118.29325492339515,14073,46173,8.744780989476054,4404,14449,7,220,Barren,0,10.81
36.57808199217259,-118.29305801435025,14100,46261,8.761582348160049,4407,14459,4,235,Barren,0,7.77
36.57823583756273,-118.29277596446832,14131,46361,8.780521711984635,4410,14469,5,224,Barren,0,9.94
36.57842057533563,-118.29252942466437,14161,46460,8.7992521243652,4413,14478,8,236,Barren,0,11.06
36.5785446313692,-118.29224081917957,14190,46556,8.817435385823277,4415,14485,5,246,Barren,0,3.79
36.57850151854793,-118.29233662544902,14200,46588,8.823535713583926,4414,14482,6,241,Barren,0,-10.17
36.578351810751776,-118.29259818924822,14229,46683,8.84137744120551,4412,14475,5,220,Barren,0,-11.43
36.57818850560461,-118.292870336238,14259,46782,8.860248577486615,4410,14469,5,228,Barren,0,-11.43
36.57804240256403,-118.29315727282072,14290,46882,8.879120981160511,4407,14459,4,239,Barren,0,-11.58
36.577818303614336,-118.29330570555398,14318,46975,8.896678408930908,4403,14446,6,226,Barren,0,-14.14
36.57756336029251,-118.29343006814999,14348,47075,8.91561776419182,4399,14432,9,218,Shrub,0,-18.71
36.57745406509547,-118.293643073401,14371,47149,8.929658708064313,4395,14419,15,218,Shrub,0,-14.06
36.57749881044664,-118.29397816006815,14401,47248,8.948527530677284,4391,14406,9,229,Barren,0,-14.63
36.57757718575244,-118.29430423483014,14432,47348,8.967434091944392,4386,14390,14,232,Barren,0,-14.22
36.57767979346145,-118.29461467012736,14462,47447,8.986081488640865,4382,14377,12,238,Shrub,0,-15.22
36.577717787619264,-118.29495230095411,14492,47547,9.005019247647262,4377,14360,10,236,Barren,0,-14.63
36.57778818207995,-118.29528168950834,14523,47647,9.023952747389865,4373,14347,9,243,Barren,0,-12.55
36.57792592308047,-118.29557549451562,14553,47746,9.042850378371579,4369,14334,14,249,Barren,0,-15.28
36.57807258739645,-118.29585819793355,14583,47845,9.061545680201034,4365,14321,9,262,Barren,0,-22.28
36.578112876163324,-118.2960679529065,14602,47908,9.073525609222655,4361,14308,12,280,Barren,0,-11.38
36.57790600190978,-118.29628722915326,14633,48008,9.092317144809698,4357,14295,9,260,Grassland,0,-13.78
36.577667288073954,-118.29645135596301,14663,48107,9.11117878824679,4353,14281,13,245,Grassland,0,-16.44
36.57755950905051,-118.29668756244308,14687,48187,9.12626955151129,4349,14268,10,242,Grassland,0,-14.04
36.57729885135421,-118.29678369542466,14718,48286,9.145073554415553,4344,14252,10,250,Shrub,0,-19.37
36.57713793136274,-118.29703930886765,14747,48381,9.163115233976619,4339,14236,10,239,Shrub,0,-16.39
36.57691851658896,-118.29708617219632,14771,48463,9.178513911761215,4335,14222,8,214,Barren,0,-14.84
36.57667192372118,-118.29698307737125,14800,48558,9.196506567917243,4331,14209,16,208,Barren,0,-9.53
36.57656444275203,-118.2967089007358,14828,48647,9.213454295385702,4328,14199,27,168,Shrub,0,-13.43
36.57651,-118.29637802796832,14858,48746,9.232215529821731,4324,14186,22,162,Barren,0,-9.88
36.576500971076555,-118.2960380873821,14888,48846,9.25110896519263,4322,14180,29,170,Shrub,0,-6.32
36.57645204887995,-118.29570262089109,14919,48946,9.270048321361916,4318,14167,27,185,Barren,0,-12.33
36.57637659755796,-118.29537544772356,14949,49046,9.288956774457914,4315,14157,26,177,Barren,0,-11.44
36.57627869967958,-118.29505707813865,14980,49146,9.307893819411133,4312,14147,26,196,Barren,0,-10.64
36.57617962929067,-118.29473922730759,15010,49246,9.326833171720702,4309,14137,25,184,Barren,0,-9.93
36.57605889576726,-118.29443470004614,15040,49345,9.345698359574152,4305,14124,23,205,Barren,0,-12.9
36.57591641661895,-118.29414354700396,15071,49445,9.364637715706515,4301,14111,29,194,Barren,0,-11.66
36.5757614709819,-118.29386525456539,15101,49545,9.3834484325876,4298,14101,20,206,Barren,0,-8.87
36.57557454770523,-118.29361662594881,15132,49645,9.402367184579559,4295,14091,21,212,Barren,0,-9.91
36.57537007288154,-118.29339007288155,15162,49745,9.421299163809078,4292,14081,22,216,Barren,0,-8.98
36.57516922637146,-118.29315922637144,15193,49844,9.440205355778327,4289,14072,24,211,Barren,0,-9.37
36.57497666217276,-118.29292174610771,15223,49943,9.458952135373657,4287,14065,22,207,Barren,0,-5.62
36.57481678238813,-118.29264678238813,15253,50043,9.477809453014606,4285,14058,19,218,Barren,0,-8.5
36.57459389352772,-118.29246460144186,15283,50140,9.496251542606933,4282,14049,21,219,Barren,0,-8.99
36.57437201479857,-118.29227088565062,15313,50239,9.514995643184578,4279,14039,24,223,Barren,0,-11.38
36.57414235937779,-118.29209340489277,15343,50338,9.533691807472094,4276,14029,22,219,Barren,0,-9.37
36.573915299082365,-118.29190963085884,15373,50437,9.552423913758512,4274,14022,21,222,Barren,0,-8.85
36.573683589105975,-118.29173421616998,15403,50536,9.571181128763769,4270,14009,21,225,Barren,0,-13.64
36.57342336886401,-118.29164123983169,15433,50635,9.589907075369489,4266,13996,16,229,Barren,0,-13.82
36.57315540209047,-118.29157639073166,15464,50735,9.608789319162625,4262,13983,18,228,Barren,0,-13.47
36.57288765481235,-118.29150656721569,15494,50834,9.627711367396502,4258,13970,17,238,Barren,0,-13.23
36.57261676132605,-118.29149823484349,15524,50933,9.646454946369571,4254,13957,16,255,Barren,0,-14.17
36.57235223142764,-118.29153897011031,15554,51031,9.6648920319414,4250,13944,18,250,Barren,0,-12.95
36.572089750714284,-118.29161553802199,15584,51129,9.683539558064071,4246,13930,17,269,Barren,0,-13.65
36.57184428596486,-118.29176659325239,15615,51229,9.70247891435705,4243,13921,25,281,Barren,0,-9.86
36.5715852805821,-118.29186893974534,15645,51328,9.721274985915697,4240,13911,17,277,Barren,0,-7.07
36.5713529037353,-118.2920410507135,15675,51427,9.739977297687481,4237,13901,20,303,Barren,0,-8.63
36.571163228163414,-118.29228692645484,15705,51527,9.758916653168292,4234,13891,27,298,Barren,0,-11.64
36.57092042580871,-118.29243478709566,15736,51626,9.777612488180267,4232,13885,29,270,Barren,0,-5.98
36.570647463753204,-118.29244535788258,15766,51726,9.79650256495136,4229,13875,30,261,Barren,0,-9.46
36.570374448950545,-118.29246041166844,15796,51825,9.815405668047482,4225,13862,30,264,Barren,0,-14.92
36.57010514248784,-118.29252196743136,15827,51925,9.834345025507385,4221,13848,32,262,Barren,0,-15.4
36.56983258486436,-118.29255208512889,15857,52025,9.853272093829064,4217,13835,34,262,Barren,0,-12.52
36.56955960187659,-118.29256153703965,15888,52125,9.87216178807483,4213,13822,33,259,Barren,0,-11.64
36.56929033600874,-118.29259561828323,15918,52224,9.890883052059467,4210,13812,34,273,Barren,0,-10.62
36.56902058374776,-118.29265075225726,15948,52324,9.909791693294858,4206,13799,36,267,Barren,0,-15.55
36.56875145440378,-118.2927050909698,15979,52423,9.928650696895227,4202,13786,33,255,Barren,0,-14.17
36.568478860561896,-118.29273117346794,16009,52523,9.947561767406745,4197,13770,36,271,Barren,0,-13.12
36.568210413085644,-118.29279077765457,16039,52623,9.966423367930727,4193,13757,34,271,Barren,0,-14.1
36.56795137034318,-118.29290028620764,16070,52723,9.985346127350063,4189,13743,35,280,Barren,0,-13.02
36.56769318291932,-118.29301140142337,16100,52823,10.004241851469255,4185,13730,33,269,Barren,0,-16.96
36.56742064329385,-118.29299664045433,16131,52922,10.023111405979977,4181,13717,37,247,Barren,0,-6.64
36.56715110496292,-118.29293939226261,16161,53022,10.042024853219745,4180,13714,34,273,Barren,0,5.58
36.56694485622583,-118.29275643675902,16189,53114,10.059541636852318,4183,13724,38,163,Barren,0,23.09
36.56669962700416,-118.29266898312238,16218,53208,10.07718636979855,4187,13737,43,268,Barren,0,19.35
36.56649960614101,-118.29252,16244,53293,10.093308666214408,4189,13743,38,221,Barren,0,2.37
36.566280937989674,-118.2924794372062,16268,53374,10.10860102048456,4192,13753,40,283,Barren,0,12.78
36.56601990534727,-118.29240495267362,16298,53471,10.127124914931235,4194,13760,38,249,Barren,0,-0.51
36.565776626235255,-118.292506712874,16327,53565,10.144876934792178,4194,13760,39,306,Barren,0,-4.99
36.56555255832332,-118.29269290678147,16357,53663,10.163510740190278,4194,13760,34,302,Barren,0,-0.57
36.56534280264412,-118.29265560528825,16380,53741,10.178166914378492,4192,13753,37,223,Barren,0,-9.82
36.565126626580614,-118.2925269138263,16407,53828,10.194741298767626,4192,13753,37,252,Barren,0,-1.85
36.56490259848924,-118.29252154113057,16432,53910,10.210240328959305,4190,13747,41,237,Barren,0,-4.25
36.5646536828656,-118.29243,16461,54005,10.228193371731408,4190,13747,36,271,Barren,0,0.58
36.56442826953467,-118.29250330781387,16487,54090,10.24430848746108,4190,13747,47,250,Barren,0,2.72
36.564201357495435,-118.29267284019826,16516,54187,10.2626132775771,4190,13747,44,311,Barren,0,2.06
36.56402993919431,-118.29255201216114,16538,54259,10.27623875011531,4190,13747,46,241,Barren,0,-6.27
36.563801594528165,-118.29262159452817,16564,54345,10.292499689935891,4189,13743,43,258,Barren,0,-3.76
36.563564323004826,-118.2926319175415,16591,54431,10.30892191938141,4187,13737,38,292,Barren,0,-7.72
36.56331827398341,-118.29255430823135,16619,54524,10.326478970511692,4185,13730,26,223,Barren,0,-14.42
36.563081504703945,-118.29239835423355,16649,54622,10.345007180053226,4181,13717,24,209,Barren,0,-16.28
36.56284476789551,-118.29223396095429,16679,54721,10.363757281919137,4176,13701,23,228,Barren,0,-16.45
36.562599230920874,-118.29208948728059,16709,54820,10.382542434850484,4171,13684,27,226,Barren,0,-47.85
36.562592158803604,-118.29221896524828,16721,54858,10.38975262063818,4167,13671,29,227,Barren,0,-13.24
36.56276183340734,-118.29245650066608,16749,54951,10.407413515767438,4162,13655,28,219,Barren,0,-14.99
36.56287084030753,-118.29276529405091,16779,55050,10.42615331981263,4158,13642,30,212,Barren,0,-12.88
36.56300677638105,-118.29306016457159,16810,55150,10.445042365682475,4154,13629,31,232,Barren,0,-50.92
36.563000695110745,-118.29315116114262,16818,55177,10.450115420688839,4150,13615,29,231,Barren,0,-10.31
36.56278469245108,-118.29294836556384,16848,55276,10.468828467236289,4147,13606,28,217,Barren,0,-11.55
36.56257338220291,-118.29274045533053,16878,55374,10.48745825913799,4143,13593,30,229,Barren,0,-15.72
36.56232219448128,-118.29260575558503,16908,55474,10.506376228103614,4138,13576,30,228,Barren,0,-17.57
36.56206862200163,-118.29248954066722,16938,55572,10.525066667794755,4133,13560,30,239,Barren,0,-18.63
36.56180540015404,-118.29249999999999,16968,55669,10.543283149866607,4129,13547,34,268,Barren,0,-11.65
36.56153466649295,-118.29250883337676,16998,55768,10.562016387211967,4125,13533,30,261,Barren,0,-9.15
36.561277000187985,-118.29261916651001,17028,55867,10.580864037425943,4121,13520,26,288,Barren,0,-13.87
36.561050496817664,-118.29281045350056,17059,55967,10.599795917430574,4117,13507,28,294,Barren,0,-15.44
36.56081519324604,-118.29291068667914,17086,56058,10.616998350080832,4113,13494,42,248,Barren,0,-15.19
36.56057787600051,-118.29303274399693,17115,56152,10.63475933877992,4111,13488,51,314,Barren,0,0.52
36.56042396452981,-118.29295189358945,17134,56213,10.6463143721977,4112,13491,53,213,Barren,0,13.78
36.56026066459205,-118.2926908544755,17163,56310,10.66469739105133,4115,13501,44,232,Barren,0,17.53
36.56003036907224,-118.29252666433004,17193,56407,10.683054215058883,4121,13520,38,240,Barren,0,32.14
36.55990454404294,-118.29227931994632,17219,56493,10.699320903975,4127,13540,42,237,Barren,0,27.77
36.55971808601325,-118.29212115514476,17244,56575,10.71492752303888,4134,13563,58,251,Barren,0,22.73
36.55956348425345,-118.29185678740276,17273,56671,10.733096392090841,4140,13583,48,256,Barren,0,23.25
36.559391259590285,-118.2916321483373,17301,56762,10.750350193504698,4147,13606,31,219,Barren,0,24.31
36.5591821597122,-118.29142929582733,17331,56859,10.768686535999246,4152,13622,41,53,Barren,0,11.1
36.55896735402679,-118.29122978767532,17360,56957,10.787224084866741,4154,13629,39,41,Barren,0,-4.97
36.55888412522904,-118.29091125229046,17390,57055,10.805835000815733,4153,13625,41,15,Barren,0,-11.04
36.55886176738409,-118.29057237168861,17421,57155,10.824726933919713,4149,13612,44,6,Barren,0,-21.45
36.55886288404074,-118.29024606544992,17450,57250,10.842856985156834,4144,13596,44,13,Barren,0,-24.93
36.55889,-118.28990796067963,17480,57350,10.861735809737201,4137,13573,44,14,Barren,0,-25.25
36.55891,-118.28957138167306,17510,57449,10.880487552435895,4131,13553,36,4,Barren,0,-18.69
36.55889683618025,-118.28923418090125,17541,57548,10.899244853613682,4126,13537,37,27,Barren,0,-15.4
36.558850578541076,-118.28890462832864,17571,57646,10.917832571536236,4121,13520,33,27,Barren,0,-16.94
36.55880881161707,-118.28857138422374,17601,57745,10.936571980758846,4116,13504,35,25,Barren,0,-14.63
36.55875118481426,-118.28823982617138,17631,57845,10.955420003025962,4111,13488,38,22,Barren,0,-13.44
36.55866517798101,-118.28791646746396,17662,57945,10.974345515720332,4106,13471,33,32,Barren,0,-17.68
36.5585959480546,-118.2875875844368,17692,58044,10.99323567109076,4101,13455,32,23,Barren,0,-24.05
36.55858988953541,-118.28734855564792,17713,58115,11.006522995745215,4096,13438,30,38,Barren,0,-16.32
36.55875973768483,-118.28760963275876,17743,58213,11.025189633411758,4092,13425,31,30,Barren,0,-18.22
36.55890728073168,-118.28777833390198,17766,58286,11.039046471819788,4087,13409,29,19,Barren,0,-19.79
36.55886242896024,-118.2874464344035,17796,58385,11.057746272292837,4081,13389,31,21,Barren,0,-26.21
36.55904008870111,-118.28761345160147,17821,58466,11.073145193082386,4075,13369,33,23,Barren,0,-18.94
36.559201187776985,-118.28788864629497,17851,58566,11.092064985378423,4070,13353,31,20,Barren,0,-15.79
36.5593435629643,-118.2881771259286,17881,58666,11.110876874655593,4064,13333,32,8,Barren,0,-18.97
36.55947,-118.28842460014597,17907,58752,11.127172423129439,4059,13317,35,12,Barren,0,-15.82
36.55946795714673,-118.2880847285056,17938,58851,11.146056396945333,4054,13301,35,9,Barren,0,-39.74
36.5595551069504,-118.28819099958547,17951,58896,11.154494527166621,4049,13284,34,12,Barren,0,-21.64
36.5596818235372,-118.28842991163624,17977,58980,11.170401342058456,4044,13268,30,15,Barren,0,-18.12
36.55969345363335,-118.28809072180007,18007,59079,11.189264014695345,4038,13248,31,11,Barren,0,-20.29
36.55982601722414,-118.28833805167241,18034,59167,11.205784146779964,4033,13232,32,15,Barren,0,-17.5
36.55998371062494,-118.28861618437489,18064,59267,11.224699155177449,4028,13215,32,14,Barren,0,-18.77
36.55996575525833,-118.28838028680836,18086,59336,11.237864375055363,4024,13202,33,24,Barren,0,-14.24
36.559927744433324,-118.2880429331999,18116,59436,11.256791310292785,4020,13189,35,14,Barren,0,-10.85
36.559931513300064,-118.28770513300067,18146,59535,11.275561363637292,4016,13176,34,19,Barren,0,-12.6
36.559771988459076,-118.28743397691815,18176,59634,11.294235619580064,4012,13163,30,47,Barren,0,-14.13
36.559682529984634,-118.2871151799078,18207,59733,11.31299785806884,4008,13150,33,17,Barren,0,-14.67
36.55972775551011,-118.28678020040907,18237,59832,11.331870509180987,4004,13136,37,13,Barren,0,-10.79
36.55956817764589,-118.28652271058358,18266,59928,11.349940039412648,4001,13127,40,30,Barren,0,-13.64
36.55970266441656,-118.28663038063095,18284,59986,11.361000042326703,3997,13114,39,61,Barren,0,-26.09
36.55984,-118.28671746271436,18301,60042,11.371660778818867,3993,13100,36,232,Barren,0,-42.28
36.55988569629956,-118.2868315185022,18312,60080,11.37874230801178,3989,13087,33,354,Barren,0,-49.85
36.55992094071332,-118.28688544665766,18319,60100,11.382605055121608,3985,13074,33,149,Barren,0,-22.78
36.559964743582974,-118.28671810902344,18334,60152,11.392383606600168,3982,13064,36,5,Barren,0,-59.26
36.5600177248892,-118.286678624446,18341,60174,11.396654789329858,3978,13051,34,17,Barren,0,-59.6
36.56006670710783,-118.28672060661742,18348,60196,11.400768198290086,3974,13038,35,188,Barren,0,-76.12
36.56010522743351,-118.28669250058954,18353,60212,11.403856552330923,3971,13028,37,135,Barren,0,-6.74
36.56017682213399,-118.28701364426796,18383,60310,11.4223738051176,3966,13012,35,39,Barren,0,-19.84
36.560208516218495,-118.28668989187665,18412,60406,11.440494591657476,3962,12999,41,23,Barren,0,-17.98
36.560180109978816,-118.28635137473512,18442,60506,11.459404960527912,3957,12982,43,16,Barren,0,-15.36
36.56028266473107,-118.28665197677284,18471,60602,11.477550476174496,3953,12969,41,1,Barren,0,-7.63
36.56041884650447,-118.28692474417412,18500,60696,11.495394352269303,3950,12959,35,35,Barren,0,-35.02
36.56040556252482,-118.28679461611753,18512,60734,11.502682402479753,3945,12943,41,36,Barren,0,-25.45
36.560413933359136,-118.28658241669892,18531,60797,11.514486378656136,3939,12923,37,24,Barren,0,-54.45
36.560478447114264,-118.28643883533569,18546,60845,11.523627039651274,3932,12900,41,23,Barren,0,-43.52
36.56048888577216,-118.28625110020256,18562,60900,11.534082526165713,3926,12881,34,37,Barren,0,-71.38
36.560520937020826,-118.28616655914583,18571,60927,11.53927653101479,3920,12861,38,26,Barren,0,-54.25
36.56058,-118.28605217799907,18583,60967,11.546831431882458,3913,12838,41,4,Barren,0,-31.88
36.56061711886034,-118.2858355943017,18603,61032,11.55913562572201,3908,12822,36,108,Barren,0,-22.48
36.56067406024273,-118.28604248194189,18622,61097,11.571286311716504,3904,12808,42,6,Barren,0,-6.26
36.560728267243356,-118.28637613794686,18653,61196,11.59019951377101,3900,12795,43,9,Barren,0,-59.83
36.5607869910159,-118.28636322978579,18659,61218,11.594324297357437,3897,12785,36,5,Barren,0,-23.02
36.56085814330337,-118.28652690550561,18676,61273,11.604664455250273,3893,12772,38,12,Barren,0,-7.75
36.56092032126021,-118.28684855432905,18706,61370,11.62304536003257,3889,12759,48,22,Barren,0,-31.37
36.56097614190981,-118.28663705835544,18725,61435,11.635414074216344,3882,12736,34,12,Barren,0,-29.66
36.56097321070726,-118.28629926424358,18756,61534,11.654182820192693,3874,12710,48,26,Barren,0,-31.39
36.56100689449077,-118.28596894490767,18785,61632,11.672682480041177,3867,12687,46,9,Barren,0,-22.69
36.56098,-118.28563969769338,18815,61729,11.691069615437915,3861,12667,35,22,Barren,0,-77.69
36.561020519841215,-118.28561311904728,18820,61746,11.694237613096917,3856,12651,33,22,Barren,0,-17.25
36.561007393591574,-118.28540957436631,18838,61806,11.705582825026983,3853,12641,34,26,Barren,0,-28.46
36.56109538331306,-118.28547922490878,18850,61844,11.71279517260885,3849,12628,32,18,Barren,0,-11.47
36.56101043101441,-118.28518521550721,18878,61935,11.730154934134312,3846,12618,24,68,Barren,0,-23.49
36.56094645919637,-118.28511919260046,18887,61966,11.73590262965054,3843,12608,24,84,Barren,0,-34.87
36.56097109814941,-118.28503778037012,18895,61991,11.740736273680488,3840,12598,24,86,Barren,0,-27.33
36.560872825140464,-118.2849411300562,18909,62037,11.749398986026591,3836,12585,23,104,Barren,0,-19.14
36.56107,-118.28486699056614,18932,62112,11.763646146105582,3832,12572,29,46,Barren,0,-50.25
36.56114509760705,-118.28482258133921,18941,62143,11.769396894820357,3828,12559,28,54,Barren,0,-44.92
36.56114818042605,-118.28472211517958,18950,62172,11.774982797384773,3824,12546,27,43,Barren,0,-10.99
36.5609814887749,-118.28451813903136,18976,62257,11.791149944655517,3821,12536,18,102,Barren,0,-14.4
36.561214315494375,-118.28455147324156,19002,62343,11.807360847274115,3817,12523,23,43,Barren,0,-27.85
36.561340773816724,-118.2845565986477,19016,62389,11.816112678281689,3814,12513,25,41,Barren,0,-9.5
36.56117062616203,-118.28429093924305,19047,62489,11.834990365620984,3810,12500,22,44,Barren,0,-27.33
36.561205888197435,-118.28414140217275,19061,62535,11.843649171505355,3807,12490,18,38,Barren,0,-11.39
36.5614217748808,-118.28434236650773,19091,62633,11.862294849320088,3803,12477,26,34,Barren,0,-17.25
36.56139969294036,-118.28409828046601,19113,62705,11.875941802798907,3799,12464,27,21,Barren,0,-11.14
36.56133103563748,-118.28376942836661,19143,62805,11.894819667133671,3796,12454,26,33,Barren,0,-38.31
36.56142363700354,-118.28379363700355,19153,62839,11.901364650861524,3792,12441,30,21,Barren,0,-9.94
36.561327903669174,-118.28349580733834,19182,62933,11.919187629567746,3789,12431,26,38,Barren,0,-21.64
36.56145438313184,-118.28359047891479,19199,62987,11.929395728528887,3785,12418,29,26,Barren,0,-13.95
36.5613620020068,-118.28332840441496,19224,63071,11.945296822124446,3782,12408,28,43,Barren,0,-11.92
36.56124424469181,-118.28302133832197,19255,63171,11.964201902125648,3778,12395,28,30,Barren,0,-18.39
36.56143025901727,-118.28316410614875,19279,63251,11.979317130590301,3774,12382,26,36,Barren,0,-46.23
36.56145281667959,-118.28305938630947,19289,63283,11.985340864915134,3770,12369,26,37,Barren,0,-12.84
36.56133836982947,-118.2827497065974,19319,63383,12.00428022065686,3766,12356,29,31,Barren,0,-13.89
36.5614951584226,-118.28288517509867,19340,63452,12.017481199926506,3763,12346,25,38,Barren,0,-47.58
36.56153366102862,-118.28282098308588,19347,63476,12.021932316169314,3759,12333,26,42,Barren,0,-42.72
36.561615378226165,-118.28277521012564,19357,63509,12.028130484341863,3755,12320,25,42,Barren,0,-44.69
36.56163688747464,-118.28267533121195,19367,63539,12.03387564340738,3751,12306,25,48,Barren,0,-22.63
36.56179602564811,-118.28273309172006,19385,63600,12.045341568840252,3747,12293,22,28,Barren,0,-19.21
36.56174717887015,-118.28256033253118,19402,63653,12.055517199966346,3743,12280,23,56,Barren,0,-36.9
36.56182555397439,-118.28251730935898,19411,63685,12.061442028898847,3739,12267,24,48,Barren,0,-37.81
36.56194623609477,-118.28244487751485,19426,63733,12.070709051595825,3733,12247,22,38,Barren,0,-33.78
36.56205274587378,-118.28229406765776,19444,63792,12.081866203936023,3728,12231,16,22,Barren,0,-28.49
36.56200534262458,-118.28208379625059,19463,63856,12.094000031206903,3722,12211,23,91,Barren,0,-21.0
36.562229688213606,-118.28189499950358,19494,63955,12.1127306766784,3716,12192,21,82,Barren,0,-19.44
36.56246242530463,-118.28172378734769,19524,64054,12.131429532870362,3711,12175,16,109,Barren,0,-25.05
36.562589709408066,-118.28158608678649,19542,64116,12.14309335724409,3705,12156,27,99,Barren,0,-41.89
36.562507379831494,-118.28146000000001,19557,64163,12.152121256450041,3699,12136,27,103,Barren,0,-43.18
36.56258534217841,-118.28132254062996,19572,64213,12.161470328685292,3693,12116,30,95,Barren,0,-45.14
36.562628597329294,-118.28118551526555,19585,64256,12.16965006490512,3686,12093,25,98,Barren,0,-31.44
36.562620960553204,-118.28091472189669,19609,64335,12.184704141487021,3681,12077,9,70,Barren,0,-15.32
36.56259,-118.28058877867952,19639,64432,12.202939172236212,3676,12060,6,65,Barren,0,-12.16
36.562809553080726,-118.28041044691929,19668,64527,12.22107195045115,3672,12047,6,41,Barren,0,-9.95
36.562951018990624,-118.28013796201876,19697,64623,12.23909784839688,3670,12041,8,39,Barren,0,-6.88
36.56297502703966,-118.27982005407934,19726,64716,12.25683807730201,3668,12034,7,256,Barren,0,0.96
36.56296781926458,-118.27950654220626,19754,64808,12.274263304271894,3667,12031,5,22,Barren,4,-2.45
36.56297080077713,-118.27917679689152,19783,64905,12.292584456209296,3666,12028,4,46,Barren,0,-4.76
36.5630614965242,-118.27885551042742,19813,65005,12.311504812215368,3664,12021,6,61,Barren,5,-7.54
36.563215608766896,-118.27857642496245,19844,65104,12.330321126603133,3663,12018,5,32,Barren,0,-4.22
36.56323039891043,-118.27824800544786,19873,65201,12.348596056828551,3662,12014,5,251,Barren,0,-2.49
36.56329655768028,-118.27791721159859,19904,65301,12.367535415980054,3660,12008,11,215,Barren,0,-6.68
36.56338256865027,-118.27759408323635,19934,65401,12.386447848068302,3658,12001,13,81,Barren,0,-7.85
36.56343460665528,-118.27726370648449,19964,65499,12.405152426499518,3655,11991,11,178,Barren,0,-13.84
36.563403267163864,-118.27694768955183,19993,65593,12.422842914394657,3651,11978,12,102,Barren,0,-19.86
36.56346761136384,-118.27670570852288,20015,65668,12.43700439227303,3647,11965,17,131,Barren,0,-22.83
36.563431562403316,-118.27648926152185,20035,65732,12.44928548512653,3643,11952,19,107,Barren,0,-14.83
36.563496437635564,-118.27617975580263,20064,65826,12.467056793201245,3639,11939,12,97,Barren,0,-13.37
36.563606168774804,-118.27586842869543,20094,65926,12.485945477592404,3635,11926,11,47,Barren,0,-15.51
36.56368199417166,-118.27555897377248,20123,66021,12.503920252419089,3632,11916,15,149,Barren,0,-5.85
36.563764500317326,-118.27524705495617,20153,66117,12.52216521182757,3631,11913,10,150,Barren,0,2.65
36.563868897673345,-118.27493393688088,20183,66217,12.541000491850923,3630,11909,18,176,Barren,0,1.71
36.5639271504283,-118.27461253101092,20212,66313,12.559305923243635,3630,11909,13,158,Barren,0,1.17
36.56405184985853,-118.27430938696847,20243,66413,12.578228077261022,3630,11909,11,88,Barren,0,-3.16
36.56418525455613,-118.27401186360969,20273,66513,12.597158909051773,3628,11903,11,100,Barren,0,-11.12
36.56432327093704,-118.27372504679724,20303,66611,12.615734532835978,3625,11893,19,63,Barren,0,-12.35
36.56450917573362,-118.27348418847221,20333,66709,12.634293043502998,3621,11880,25,105,Barren,0,-17.0
36.56467957287066,-118.27322042712933,20363,66808,12.653098711353579,3618,11870,10,116,Barren,0,-10.48
36.56488221750182,-118.27300556924473,20393,66906,12.671509706483002,3616,11864,24,297,Barren,0,-1.42
36.5650161663467,-118.27271537524,20423,67004,12.690104626700071,3613,11854,15,232,Barren,0,-8.51
36.56516673543819,-118.27244684600501,20452,67100,12.708298967354015,3609,11841,26,143,Barren,0,-20.2
36.56527,-118.27214308259374,20482,67197,12.726624356419892,3603,11821,21,101,Barren,0,-25.6
36.56533,-118.27182700100919,20511,67292,12.744668460921783,3598,11804,32,10,Barren,0,-85.47
36.565387418647845,-118.27186225594355,20518,67315,12.749096835419053,3595,11795,30,12,Barren,0,-0.44
36.56555758699079,-118.27180310135789,20537,67380,12.76131765930402,3590,11778,45,130,Barren,0,-21.73
36.56560328583538,-118.27147028498771,20568,67479,12.780075902149537,3584,11759,39,153,Barren,0,-32.69
36.56561956617011,-118.2712415907096,20588,67546,12.792831073311024,3578,11739,32,130,Barren,0,-22.23
36.56569655333723,-118.27091702932086,20618,67646,12.811632350600677,3571,11716,38,139,Barren,0,-27.23
36.5657653509186,-118.27059745643024,20648,67743,12.830013248108056,3563,11690,35,130,Barren,0,-29.56
36.56586990673543,-118.27031934714805,20675,67833,12.847072744065112,3556,11667,33,92,Barren,0,-23.18
36.566039391045834,-118.27015891940238,20699,67910,12.861799342531846,3551,11650,45,94,Barren,0,-14.7
36.56630806453653,-118.27013623041533,20729,68009,12.880426345425521,3546,11634,42,82,Barren,0,-15.02
36.566572855011145,-118.27008243735096,20759,68107,12.8989842686099,3542,11621,38,89,Barren,0,-7.9
36.56675630742297,-118.26989600116713,20785,68193,12.915364197474688,3537,11604,50,136,Barren,0,-24.58
36.56679,-118.26956099805149,20815,68292,12.934120734995481,3530,11581,31,140,Barren,0,-28.61
36.5669016569457,-118.26925085763574,20846,68392,12.953002488315125,3524,11562,20,76,Barren,0,-17.92
36.567023720951525,-118.26894569762118,20876,68492,12.971941850462064,3519,11545,27,116,Barren,0,-8.08
36.56716303331988,-118.26867209000405,20905,68587,12.989939272338345,3515,11532,41,143,Barren,0,-34.13
36.567175578048655,-118.26853386920743,20918,68628,12.99766699815394,3510,11516,47,136,Barren,0,-17.52
36.56729965491073,-118.2682308627232,20948,68728,13.016562121363112,3505,11499,40,133,Barren,0,-17.75
36.56742984382903,-118.26793106009288,20979,68828,13.03549620964312,3501,11486,27,141,Barren,0,-27.96
36.567441646843214,-118.26777106130305,20993,68875,13.044422324071391,3496,11470,26,150,Barren,0,-14.34
36.567466754905595,-118.26743165679362,21023,68975,13.063357680599784,3492,11457,22,138,Barren,0,-21.24
36.56732350160142,-118.2675635691408,21043,69040,13.07568211047264,3488,11444,8,185,Barren,0,-7.51
36.56714789471128,-118.26781807019248,21073,69138,13.094322145419063,3486,11437,7,145,Barren,0,-10.6
36.567016764487164,-118.26788745170944,21089,69190,13.10417752275844,3483,11427,25,158,Barren,0,-31.24
36.566945449022676,-118.26793516992443,21098,69220,13.109777663872613,3480,11417,34,166,Barren,0,-9.91
36.566835130379246,-118.2682458435449,21129,69319,13.128648820914805,3477,11407,39,156,Barren,0,-12.16
36.566697005096906,-118.26853498907806,21159,69418,13.147338946761893,3473,11394,44,146,Barren,0,-24.17
36.566675078483705,-118.26826031393483,21183,69499,13.162673801888047,3468,11378,29,153,Barren,0,-13.89
36.56671228178632,-118.26793033677784,21213,69597,13.181185528977617,3465,11368,27,155,Barren,0,-10.13
36.56673911453934,-118.26759106825837,21244,69697,13.200124858228751,3462,11358,27,145,Barren,0,-5.87
36.566789270785904,-118.26725671853657,21274,69797,13.219020964980343,3459,11348,27,159,Barren,0,-12.43
36.56681174325731,-118.26692593239962,21304,69894,13.237463495429177,3456,11339,28,133,Barren,0,-9.55
36.56688196057229,-118.26660431542172,21333,69992,13.255979373719466,3451,11322,43,160,Barren,0,-17.1
36.56688425566117,-118.26626427173613,21364,70091,13.274871231672169,3448,11312,28,168,Barren,0,-11.86
36.56691534052716,-118.26593806474438,21393,70188,13.293120826533697,3443,11296,25,136,Barren,0,-16.1
36.566981837890665,-118.26561162817367,21423,70287,13.31183027461727,3438,11280,24,121,Barren,0,-21.68
36.567065597478916,-118.26528705976921,21454,70387,13.3307696327068,3431,11257,26,117,Barren,0,-30.75
36.56721034788304,-118.26503988403898,21481,70476,13.347764139236107,3423,11230,36,91,Barren,0,-55.73
36.56715301818832,-118.26487848995798,21497,70528,13.357568166410617,3416,11207,17,80,Barren,0,-23.87
36.5671379320861,-118.26459664904448,21522,70611,13.373260572489208,3409,11184,14,72,Barren,0,-21.84
36.56736496252884,-118.26440742062961,21553,70711,13.392158308061939,3403,11165,28,18,Barren,0,-26.44
36.567451201614446,-118.26415520026907,21577,70791,13.40738727324845,3397,11145,20,37,Barren,0,-24.76
36.56747916383977,-118.26391250848067,21599,70863,13.421007986172532,3391,11125,16,56,Barren,0,-21.18
36.5675753869302,-118.26361467325499,21628,70957,13.438842643279443,3384,11102,17,41,Barren,0,-21.22
36.56766905525234,-118.26331490791276,21657,71052,13.456711976508057,3378,11083,21,23,Barren,6,-23.66
36.567794356488776,-118.26302183158354,21686,71149,13.475156879940608,3372,11063,22,305,Barren,0,-15.06
36.56797686611008,-118.26277313388992,21716,71248,13.493872172370349,3368,11050,8,129,Barren,0,-9.17
36.56811940789601,-118.26248565789413,21747,71347,13.512641080030168,3366,11043,13,57,Barren,16,-3.27
36.56834178379809,-118.26230107385575,21776,71444,13.53112770175604,3362,11030,8,53,Barren,0,-12.81
36.568509312321275,-118.26204416746099,21806,71542,13.549511892633468,3358,11017,10,50,Barren,13,-16.7
36.56858715863715,-118.26171836721463,21836,71641,13.568395397876527,3354,11004,12,83,Barren,0,-18.3
36.56879860545383,-118.26151771508056,21866,71738,13.586784871336452,3349,10988,17,57,Barren,0,-23.87
36.56895845014795,-118.26166075024659,21888,71810,13.60040061553204,3343,10968,18,76,Shrub,19,-21.67
36.56899187303361,-118.26137874082352,21913,71894,13.616236937627695,3338,10951,23,39,Shrub,15,-18.36
36.569114507376455,-118.2610824877059,21943,71992,13.634752327573379,3332,10932,22,13,Barren,0,-50.33
36.569219485824654,-118.26112935992275,21955,72032,13.64246651119358,3326,10912,28,336,Barren,0,-36.77
36.569303036306884,-118.26131910892067,21975,72096,13.654488026162909,3320,10892,17,342,Barren,0,-16.81
36.56939507175299,-118.26162985649401,22004,72193,13.672887538424211,3316,10879,11,303,Shrub,23,-10.87
36.56937572812079,-118.26195211172822,22033,72288,13.690839839941257,3312,10866,6,323,Shrub,28,-12.44
36.569246497181666,-118.26222675140917,22062,72381,13.708522795025667,3308,10853,20,299,Shrub,28,-10.02
36.56948851014562,-118.26207408579613,22092,72480,13.727288790397969,3305,10843,34,329,Shrub,28,-5.83
36.56956763155982,-118.2617721930271,22120,72573,13.744930313549792,3302,10833,24,26,Shrub,23,-14.26
36.56979243894067,-118.26168197836631,22147,72660,13.761268049039115,3298,10820,9,128,Shrub,24,-21.68
36.57003758626949,-118.26157735621751,22176,72754,13.77919343844503,3292,10801,21,93,Shrub,22,-41.42
36.57016264720666,-118.2615614695534,22189,72800,13.787888880944246,3287,10784,16,310,Shrub,22,-39.86
36.57029699074339,-118.26158354165477,22205,72850,13.797262050502516,3280,10761,17,263,Shrub,22,-22.63
36.57018552593151,-118.26189363257808,22235,72949,13.81613517063883,3275,10745,33,324,Shrub,40,-63.09
36.57020919404676,-118.26197960765415,22243,72976,13.821184120131466,3270,10728,34,323,Shrub,40,-27.85
36.570329482829585,-118.26191719191547,22258,73024,13.830198134470425,3265,10712,22,309,Shrub,40,-33.11
36.57044981739924,-118.2619462728251,22271,73068,13.838677076143773,3260,10696,24,309,Shrub,40,-29.21
36.57045492871505,-118.26213338085664,22288,73123,13.849077428809633,3256,10682,20,309,Shrub,40,-13.34
36.57068354191109,-118.2619504041961,22318,73223,13.867875947231378,3252,10669,13,343,Shrub,29,-9.18
36.57089272931469,-118.26173302758039,22349,73322,13.886722550748019,3250,10663,11,97,Shrub,20,-5.61
36.571116747462725,-118.26155957457416,22378,73418,13.904969639389885,3247,10653,16,101,Barren,0,-14.13
36.57123462062635,-118.26135281993041,22401,73493,13.919055003702724,3243,10640,19,58,Barren,0,-29.15
36.57111676044266,-118.26125031702966,22417,73545,13.928999202117474,3239,10627,15,93,Barren,0,-17.74
36.57135118482717,-118.26109212974151,22446,73643,13.947442562051219,3235,10614,19,66,Barren,0,-10.75
36.57158530168293,-118.2609986739957,22474,73732,13.964448409436297,3232,10604,41,122,Barren,13,-7.66
36.57177879644209,-118.26076105311317,22504,73832,13.983246868447972,3229,10594,50,107,Barren,20,-10.36
36.57203489931864,-118.26068622482967,22533,73928,14.001442827511346,3225,10581,46,83,Shrub,18,-41.66
36.57193723752151,-118.26063065795651,22545,73967,14.00886999991761,3220,10564,39,92,Shrub,18,-68.71
36.57195924027928,-118.26053746845174,22554,73995,14.014265904669719,3215,10548,35,92,Shrub,18,-15.13
36.572217889205774,-118.26042908309566,22584,74095,14.033142776124517,3210,10531,31,114,Barren,17,-14.23
36.57239237495634,-118.26017329549424,22614,74194,14.051786076918223,3206,10518,32,119,Barren,0,-37.98
36.572412776745196,-118.2600475006638,22626,74231,14.05891520194692,3202,10505,27,111,Shrub,0,-11.81
36.57216984531298,-118.26020437410688,22656,74331,14.077844217263,3198,10492,29,120,Barren,17,-14.48
36.57231448384775,-118.25996330969136,22683,74419,14.094560245793653,3194,10479,29,119,Barren,17,-21.57
36.572148315455706,-118.26000834471,22702,74482,14.106323325196396,3190,10466,25,124,Barren,17,-22.95
36.572205858104006,-118.25985131351679,22717,74532,14.115911777457253,3186,10453,24,122,Barren,17,-27.92
36.5720795657526,-118.25981999999999,22732,74579,14.124819001546978,3182,10440,21,112,Barren,0,-33.67
36.57210340152365,-118.25969553282545,22743,74617,14.131927186857062,3178,10427,26,113,Shrub,17,-23.37
36.572215624328805,-118.25954968745206,22761,74676,14.143147600766802,3174,10413,27,120,Barren,0,-28.24
36.57206522783335,-118.25948490235713,22779,74734,14.15415554413447,3169,10397,25,100,Shrub,17,-25.77
36.57201938144645,-118.25925,22801,74805,14.167584526288765,3165,10384,11,140,Barren,20,-12.98
36.57179560053438,-118.25911480093515,22828,74896,14.184789443190708,3161,10371,15,36,Shrub,20,-5.86
36.57160748999767,-118.25887608312253,22858,74994,14.203368028411093,3160,10367,2,264,Shrub,38,3.42
36.57138515967972,-118.25868515967973,22888,75093,14.222049450419668,3161,10371,3,41,Shrub,34,8.27
36.571166717989165,-118.25852,22917,75186,14.23972666960646,3162,10374,4,52,Shrub,31,7.43
36.57112723575504,-118.25832658546972,22935,75244,14.250812903057666,3163,10377,4,10,Shrub,45,1.93
36.57103300314317,-118.25801950471477,22964,75341,14.26907476258245,3163,10377,5,8,Shrub,48,0.0
36.57094539913095,-118.25771018870233,22993,75437,14.287295114578612,3163,10377,4,30,Shrub,27,-1.84
36.57099393657815,-118.25739235306051,23022,75532,14.305267964738343,3163,10377,26,267,Shrub,28,-4.76
36.571141840830116,-118.2571146267926,23052,75630,14.323780071437724,3161,10371,13,299,Shrub,30,-10.45
36.571287173703595,-118.25683260930074,23082,75728,14.342394638802492,3158,10361,11,36,Shrub,37,-10.94
36.571447187658094,-118.25656921851285,23111,75825,14.360741250269252,3156,10354,7,251,Shrub,53,-3.92
36.571677624392976,-118.25640925017345,23141,75921,14.378990534737271,3155,10351,7,275,Shrub,32,-0.7
36.57190054244784,-118.25622313974617,23171,76019,14.397555197328929,3154,10348,5,323,Shrub,41,-3.04
36.57209974390087,-118.25599631922792,23201,76118,14.416226651176817,3153,10344,5,344,Shrub,41,-3.14
36.57226795885607,-118.2557324688668,23231,76217,14.434940830392605,3152,10341,11,122,Forest,41,-1.88
36.5725274445023,-118.2556236523055,23261,76317,14.45388018839892,3152,10341,12,232,Shrub,42,0.03
36.5727370707762,-118.25541410091333,23291,76415,14.472474743135423,3152,10341,9,155,Shrub,41,1.42
36.572896976146055,-118.25513957149008,23322,76514,14.491313896835482,3152,10341,16,293,Forest,47,1.65
36.573099572537174,-118.254911040843,23352,76614,14.510222853110628,3154,10348,16,320,Forest,36,19.39
36.57310961129511,-118.25468805647552,23372,76680,14.522629241425815,3157,10358,27,302,Forest,36,12.15
36.57314049543405,-118.25435851369787,23402,76777,14.54105979861186,3158,10361,13,83,Shrub,21,-3.69
36.57323,-118.2540397856616,23432,76876,14.55981655905183,3156,10354,17,81,Shrub,24,-15.12
36.57313727226325,-118.25374545445264,23460,76969,14.577379925880921,3153,10344,30,65,Shrub,22,-15.15
36.57291103244714,-118.25357226964991,23490,77066,14.5957497548067,3150,10335,22,60,Shrub,23,-12.9
36.57273632736207,-118.25331175081527,23520,77165,14.614603787364747,3146,10322,18,52,Shrub,23,-31.07
36.572850644231984,-118.25322726997108,23535,77214,14.623798926610707,3142,10308,23,54,Barren,18,-13.4
36.57310415922464,-118.25335471974155,23565,77314,14.642710012425514,3138,10295,22,71,Barren,12,-8.18
36.57336499271687,-118.25339400873976,23594,77410,14.660883549461625,3134,10282,27,110,Barren,0,-24.94
36.573423077510554,-118.25318648284508,23614,77474,14.673091786621548,3130,10269,36,140,Barren,0,-26.93
36.57347749436863,-118.25304349887372,23628,77520,14.681881355981297,3128,10262,36,110,Barren,0,-3.55
36.573652091613624,-118.25283745031824,23655,77608,14.698520660612054,3124,10249,61,151,Barren,0,-24.54
36.57346857433213,-118.25294469304797,23678,77682,14.712543068642823,3119,10233,45,114,Barren,0,-73.57
36.57339714228715,-118.25293214328465,23686,77709,14.71753300465275,3114,10217,35,117,Barren,0,-30.69
36.57346391530389,-118.25280170195671,23699,77754,14.726125926609487,3110,10203,29,123,Barren,0,-14.68
36.57319899583654,-118.25283879500385,23729,77851,14.744566049179031,3106,10190,24,90,Barren,11,-11.52
36.572983558261974,-118.2526325971033,23759,77951,14.763361585947377,3103,10180,21,67,Barren,11,-8.19
36.572831118569724,-118.25235556599762,23789,78049,14.782016724503816,3099,10167,25,40,Shrub,22,-28.33
36.572851573601916,-118.25220761688452,23803,78093,14.790356331507198,3095,10154,19,62,Shrub,22,-13.56
36.573109473151504,-118.2523117892606,23833,78192,14.809110529993893,3093,10148,10,69,Shrub,0,-5.62
36.57337824444975,-118.25232618647183,23863,78291,14.827718794690226,3090,10138,34,99,Barren,0,-10.76
36.57362529727389,-118.25219423245349,23893,78389,14.846313340774275,3087,10128,34,130,Barren,0,-24.86
36.573510353622574,-118.25219995579718,23906,78431,14.854270415423693,3083,10115,29,93,Barren,0,-18.24
36.57361772933587,-118.25203517892979,23925,78493,14.866058077623656,3080,10105,23,109,Barren,0,-12.34
36.57377754342257,-118.2517614392084,23955,78592,14.884857883451316,3076,10092,32,103,Barren,0,-12.85
36.57393219560455,-118.25149520293031,23984,78689,14.903110622071534,3072,10079,33,95,Barren,0,-18.48
36.57404051118331,-118.25119809902522,24013,78784,14.921235761076948,3068,10066,11,106,Barren,0,-11.94
36.574108032050155,-118.25087295192478,24043,78883,14.939891761972481,3065,10056,3,40,Barren,19,-6.91
36.57434157060946,-118.25070192045871,24074,78982,14.958632535411008,3063,10049,2,32,Shrub,20,-3.42
36.57460003854943,-118.25059532305349,24104,79081,14.977466019972244,3062,10046,2,183,Shrub,20,3.64
36.57486746123614,-118.2505471650079,24134,79180,14.996156245682851,3062,10046,11,219,Shrub,20,0.87
36.57511926046473,-118.25047620581327,24163,79274,15.014013813432754,3062,10046,17,67,Shrub,15,0.98
36.57521657864457,-118.25076657864456,24191,79366,15.031492094909906,3062,10046,13,299,Shrub,20,-3.22
36.575394633299325,-118.25102158324833,24221,79466,15.050262889116716,3060,10039,9,66,Shrub,50,-5.85
36.57546463497741,-118.25134548385732,24251,79564,15.068895409865267,3059,10036,11,315,Forest,54,-12.29
36.575544982686694,-118.25157625432831,24274,79638,15.082867398311404,3056,10026,12,68,Forest,54,-11.56
36.575807169316036,-118.25150792448326,24303,79736,15.101395945699146,3054,10020,7,36,Shrub,34,-6.37
36.57606472500455,-118.25161683846292,24334,79835,15.120210488300648,3053,10016,1,73,Shrub,29,1.97
36.57633368990268,-118.25166150801297,24364,79934,15.138979690626464,3051,10010,8,130,Forest,31,-6.34
36.57659714759577,-118.25158213930318,24394,80033,15.157728939561474,3049,10003,21,248,Forest,57,-10.96
36.57684593575588,-118.25168456836931,24423,80129,15.1758539716636,3046,9993,12,62,Forest,36,-14.83
36.57711791700326,-118.25170782061637,24454,80228,15.194711361327196,3042,9980,15,40,Forest,36,-14.14
36.577388970254184,-118.25173100270416,24484,80327,15.213504444436863,3038,9967,17,75,Forest,27,-14.8
36.577640002091,-118.2516299982575,24513,80424,15.231752388780398,3033,9951,11,84,Forest,46,-15.17
36.57776702926044,-118.25134683419083,24542,80519,15.249769206427464,3029,9938,9,97,Shrub,43,-14.94
36.577839359772774,-118.2510802400852,24567,80601,15.265400132105412,3026,9928,8,55,Shrub,30,-12.92
36.57806854059577,-118.25121854059579,24596,80694,15.283016045937595,3022,9915,20,37,Forest,32,-11.42
36.57829839496345,-118.25139839496345,24626,80794,15.301793455012739,3019,9905,20,22,Forest,29,-6.83
36.57847184369239,-118.25165821243085,24656,80893,15.320561128071052,3017,9898,20,40,Shrub,22,-7.82
36.57870903657148,-118.25181084349208,24686,80990,15.339028975614037,3014,9888,19,62,Shrub,22,-7.26
36.578968067885846,-118.2517852171843,24715,81085,15.357002779587063,3011,9879,29,99,Shrub,24,-13.79
36.57920870290494,-118.25175888820424,24742,81173,15.373711772281927,3008,9869,29,63,Shrub,26,-12.35
36.5794797269568,-118.25173526052181,24772,81273,15.392504550350202,3004,9856,26,67,Shrub,23,-12.6
36.57974746353663,-118.2518066569431,24802,81373,15.411443908017587,3001,9846,34,79,Shrub,27,-9.18
36.58001630859806,-118.25176000000002,24833,81472,15.430219796820486,2997,9833,33,77,Shrub,21,-13.37
36.58028948100733,-118.25176989620145,24863,81572,15.449123287951904,2994,9823,33,71,Shrub,18,-10.68
36.58003876172928,-118.25163662851878,24893,81671,15.467979452903647,2990,9810,32,81,Shrub,21,-12.67
36.57978789992982,-118.25151789992981,24923,81769,15.486542677057653,2987,9800,25,60,Shrub,27,-9.16
36.57957419999271,-118.25131364209528,24953,81867,15.50517665465905,2984,9790,22,58,Shrub,19,-10.61
36.57937328675811,-118.25108894569732,24983,81966,15.52385579668031,2980,9777,31,74,Shrub,25,-31.89
36.57935095641908,-118.25092128422567,24998,82016,15.533295977476483,2976,9764,19,44,Shrub,25,-10.36
36.57961488067514,-118.25098774403375,25028,82114,15.551921280789296,2973,9754,23,71,Shrub,22,-12.63
36.57987975235038,-118.251061638073,25059,82213,15.570696748422913,2970,9744,21,43,Shrub,20,-8.31
36.58013152884537,-118.25119147035224,25089,82313,15.589546371261266,2966,9731,26,57,Shrub,17,-11.41
36.58040074689367,-118.25120000000001,25119,82411,15.608174369119189,2963,9721,27,69,Shrub,18,-8.62
36.58067128846347,-118.25123572165981,25149,82511,15.626992785428111,2960,9711,31,79,Shrub,18,-13.21
36.58092488447382,-118.25113168553563,25179,82608,15.645461506576366,2956,9698,29,106,Shrub,27,-16.1
36.58116985768008,-118.25098007762905,25209,82708,15.664383592028951,2952,9685,31,90,Shrub,21,-46.7
36.58122911522969,-118.2509058006007,25219,82739,15.6701992857131,2948,9672,30,90,Shrub,22,-9.74
36.58095642990568,-118.2509,25249,82838,15.68906384263523,2944,9659,28,103,Shrub,21,-14.22
36.58073877912897,-118.25072102330317,25278,82934,15.70710499535711,2941,9649,19,59,Shrub,27,-7.02
36.58048984199639,-118.25058989466426,25308,83032,15.725801223571807,2939,9642,20,74,Shrub,19,-2.92
36.58024742960496,-118.25043136713367,25339,83132,15.744740496035842,2937,9636,19,59,Shrub,16,-8.69
36.58012169910366,-118.25014104417379,25368,83229,15.763062302000701,2934,9626,21,31,Shrub,21,-13.94
36.58035496914312,-118.25027635802601,25397,83323,15.780862401792229,2930,9613,22,60,Shrub,16,-11.93
36.580613273631016,-118.25028448424598,25426,83417,15.798735176736223,2926,9600,19,88,Shrub,19,-19.35
36.580819032556334,-118.25018155968661,25450,83498,15.81407293546992,2922,9587,17,63,Forest,27,-19.24
36.58068816655617,-118.2499264170534,25477,83587,15.830889127981226,2917,9570,17,74,Forest,34,-15.47
36.5809473744069,-118.24999339767336,25507,83684,15.849200623930077,2913,9557,20,64,Shrub,28,-11.23
36.581199804878,-118.2500919609756,25536,83781,15.867499548003865,2910,9547,26,63,Shrub,28,-10.44
36.5814711199241,-118.25008255758726,25567,83880,15.886273837206481,2906,9534,26,78,Shrub,21,-10.16
36.58173742982461,-118.25001107090641,25597,83979,15.905117743895195,2903,9524,25,87,Shrub,21,-13.76
36.582003257642555,-118.24997104639735,25627,84077,15.923639118122011,2899,9511,29,82,Shrub,14,-35.58
36.58194097771216,-118.24985770154981,25639,84117,15.931267599599023,2895,9498,25,77,Shrub,14,-9.82
36.58168638703295,-118.24975785336663,25669,84215,15.94973045345276,2891,9485,27,76,Shrub,20,-28.49
36.5815822164962,-118.24966030459194,25683,84262,15.958745873957383,2887,9472,27,85,Shrub,20,-15.04
36.5818472422637,-118.24960310309453,25713,84361,15.97735115862166,2883,9459,26,80,Shrub,25,-43.87
36.581817731385655,-118.24948934481638,25724,84396,15.9839913427475,2878,9442,30,77,Shrub,25,-17.11
36.581616784060664,-118.24926356812134,25754,84494,16.002712139555815,2873,9426,21,49,Shrub,34,-15.68
36.58152040148986,-118.24896048178783,25783,84590,16.020818983369466,2869,9413,19,71,Forest,47,-11.9
36.58128685769425,-118.24880425934361,25813,84687,16.039156365454534,2865,9400,21,57,Forest,16,-13.22
36.5811108792125,-118.2485445275275,25843,84787,16.058032341408495,2861,9386,22,66,Shrub,16,-24.99
36.58102835071722,-118.24836,25862,84849,16.069764406081035,2856,9370,22,56,Shrub,25,-15.52
36.581301639466474,-118.24837596995553,25892,84948,16.088688751637246,2852,9357,21,66,Shrub,28,-13.02
36.58156847767016,-118.24840460893193,25922,85046,16.10721453031958,2847,9341,21,61,Shrub,40,-34.33
36.58166506421023,-118.24829493578977,25937,85094,16.11625579582523,2843,9327,18,53,Shrub,40,-17.11
36.58191113031698,-118.24836742021134,25965,85186,16.133746029463854,2838,9311,23,45,Shrub,26,-13.13
36.58213766857733,-118.24854883428866,25995,85285,16.152376069164944,2835,9301,25,56,Shrub,27,-9.38
36.582383647020066,-118.2485369872443,26022,85375,16.16940326361837,2832,9291,27,108,Shrub,20,-6.63
36.58261178942543,-118.24834844916464,26053,85475,16.188342584108817,2828,9278,28,107,Shrub,20,-15.69
36.582842200179854,-118.24816519988009,26083,85574,16.207253100828645,2825,9268,30,106,Shrub,20,-48.75
36.58277798956709,-118.24812054829988,26091,85601,16.212340120672398,2820,9252,28,99,Shrub,20,-48.77
36.582748926675535,-118.2480036238032,26102,85637,16.219138567085906,2815,9236,30,104,Shrub,21,-18.29
36.58298107744792,-118.24783847361545,26132,85735,16.237631928961786,2809,9216,32,108,Shrub,16,-19.66
36.58317829751584,-118.24760593839613,26162,85834,16.256418044055227,2804,9199,30,119,Shrub,16,-20.34
36.583318172396424,-118.24732532628131,26192,85931,16.2747630237259,2798,9180,23,104,Shrub,20,-18.64
36.58351595434486,-118.24709128217924,26222,86031,16.293634973566274,2792,9160,26,116,Shrub,10,-20.36
36.583637119224235,-118.24679203308607,26252,86129,16.312249692444095,2787,9144,22,114,Shrub,0,-15.45
36.583824549917125,-118.24654348695115,26283,86229,16.331188057622217,2782,9127,25,120,Shrub,16,-16.92
36.58401467258441,-118.24630050597479,26313,86328,16.35003175076708,2777,9111,29,94,Shrub,15,-10.8
36.584239706766645,-118.2461128665417,26343,86427,16.368764367316523,2774,9101,33,125,Shrub,15,-10.04
36.5844545802429,-118.24590549085022,26373,86527,16.387567964369627,2771,9091,28,107,Shrub,18,-7.14
36.58469328339657,-118.24573969413188,26404,86626,16.40647357773105,2768,9081,32,103,Shrub,15,-10.35
36.58494004586145,-118.24559232326612,26434,86726,16.425403450874086,2764,9068,32,103,Shrub,20,-19.83
36.58477307150702,-118.24556637797946,26453,86788,16.43704271926447,2760,9055,32,100,Shrub,16,-24.22
36.58461315826455,-118.24551671043388,26471,86848,16.448442823923962,2757,9045,26,85,Shrub,16,-7.04
36.5848796471895,-118.24543891289936,26502,86948,16.467375712595317,2754,9035,33,101,Shrub,20,-41.44
36.58481245492224,-118.2453386246699,26513,86986,16.474630290975966,2749,9019,26,96,Shrub,20,-27.31
36.584687957849205,-118.24526563372063,26529,87036,16.484148388678754,2746,9009,24,94,Shrub,20,-12.7
36.5849479708596,-118.24516672147213,26559,87136,16.502954008341728,2742,8996,27,90,Shrub,19,-11.01
36.58521125716611,-118.24507310856316,26589,87236,16.521893366022585,2738,8983,32,92,Shrub,19,-26.23
36.58507370202831,-118.24498684474493,26607,87292,16.532546399288343,2735,8973,28,88,Shrub,23,-9.79
36.58485684116873,-118.2449553593625,26631,87372,16.54764838612883,2730,8957,30,97,Shrub,21,-17.23
36.58511133942829,-118.24483247444905,26661,87471,16.56652901775702,2726,8944,28,82,Shrub,23,-15.46
36.58538047811584,-118.2447887080331,26692,87571,16.585303536659904,2722,8930,29,72,Shrub,22,-16.83
36.58521336049283,-118.24469000814786,26712,87638,16.598097170563953,2718,8917,26,89,Shrub,23,-17.83
36.58501163167515,-118.24455,26738,87722,16.61407144054833,2713,8901,24,72,Shrub,17,-13.61
36.58527498878453,-118.24449300672927,26768,87820,16.632561001287005,2709,8888,26,85,Shrub,19,-14.61
36.585547884796675,-118.24450728289011,26798,87920,16.65145402652352,2705,8875,27,59,Shrub,19,-14.22
36.58577616625501,-118.24467100934383,26827,88016,16.669675714410424,2701,8862,27,49,Shrub,19,-21.44
36.585718233118435,-118.24448512993183,26845,88075,16.680750192968585,2697,8848,27,38,Shrub,22,-30.1
36.58570116127399,-118.24433190321662,26859,88120,16.689342191911038,2693,8835,28,51,Shrub,22,-14.18
36.58595605430774,-118.24445463627221,26889,88220,16.70824521600658,2688,8819,21,46,Shrub,16,-13.87
36.58618071944589,-118.24464504444514,26920,88319,16.72704256617777,2685,8809,22,51,Shrub,41,-10.09
36.58643892401835,-118.24475804769938,26950,88419,16.74597343628074,2681,8796,18,56,Shrub,24,-11.2
36.586627343267565,-118.24496712229835,26978,88511,16.76342922805301,2679,8789,35,260,Forest,28,-6.43
36.58672424536911,-118.24527909444294,27008,88609,16.78200771207898,2677,8783,25,33,Forest,45,0.42
36.586952280644624,-118.24525149592606,27034,88693,16.79785535258697,2676,8780,26,140,Shrub,28,-5.77
36.58712553404496,-118.24498803871907,27064,88793,16.816769105345145,2674,8773,27,113,Shrub,24,-8.47
36.58731873399425,-118.24476232101055,27094,88889,16.83509268173374,2672,8766,34,133,Shrub,18,-8.93
36.58746472440795,-118.24447465692184,27124,88989,16.853993440323002,2669,8757,36,141,Shrub,26,-12.02
36.58758205239376,-118.24416665135753,27154,89089,16.872927643412172,2666,8747,35,139,Shrub,18,-8.55
36.58774818556597,-118.24389559197131,27185,89189,16.891867002703123,2663,8737,37,135,Shrub,18,-11.08
36.58787493668724,-118.24359416039232,27215,89289,16.910765353596716,2660,8727,35,143,Shrub,10,-8.6
36.58798509165706,-118.24328334006921,27246,89389,16.92963508752642,2656,8714,37,150,Shrub,10,-15.72
36.58803,-118.24294713766122,27276,89489,16.94856438378393,2652,8701,33,160,Shrub,11,-15.99
36.588085089260254,-118.24262227684937,27306,89586,16.967005136081795,2648,8688,25,137,Shrub,11,-13.71
36.58829551745571,-118.24244694573116,27334,89678,16.984517615750242,2644,8675,34,91,Shrub,22,-12.59
36.58856666849215,-118.2424491395494,27364,89777,17.003273689228493,2640,8661,35,82,Shrub,17,-9.64
36.588839017211356,-118.2424139977792,27395,89877,17.02221304686877,2637,8652,35,85,Shrub,22,-12.14
36.58911196904277,-118.24241512958976,27425,89977,17.041093391276323,2634,8642,36,64,Shrub,20,-6.39
36.58929,-118.2424090790515,27445,90042,17.05341248212633,2632,8635,36,155,Shrub,12,-6.48
36.58929966180777,-118.24207543440491,27475,90140,17.071954841449287,2630,8629,35,180,Shrub,21,-7.86
36.589281590187426,-118.2417356883132,27505,90240,17.090865382405003,2627,8619,32,166,Shrub,19,-11.21
36.58917881928207,-118.24143484338467,27534,90336,17.109023391049398,2623,8606,29,201,Shrub,19,-15.73
36.58903804013373,-118.2411426220735,27565,90436,17.1279503210668,2619,8593,31,201,Shrub,20,-14.49
36.588889498845475,-118.24085649191834,27595,90536,17.146874063519032,2616,8583,29,190,Forest,22,-10.14
36.5889430088654,-118.24053079609571,27625,90633,17.16533778899612,2612,8570,32,160,Shrub,24,-10.66
36.58901896960544,-118.24021206078913,27655,90731,17.18380342522922,2609,8560,32,136,Shrub,22,-12.83
36.58914583855314,-118.23991053815621,27685,90830,17.202709793565425,2605,8547,29,146,Shrub,22,-13.03
36.58922877690182,-118.23958611549091,27716,90930,17.221619207169287,2601,8533,30,148,Shrub,19,-11.92
36.58932243688774,-118.23926571458168,27746,91030,17.24055660564776,2598,8524,27,147,Shrub,18,-9.55
36.58942746714486,-118.23895133213786,27776,91130,17.259468214914442,2595,8514,28,148,Shrub,20,-4.74
36.58963572945784,-118.23878052072605,27804,91221,17.276716958121114,2593,8507,37,99,Shrub,21,-6.52
36.589892342239594,-118.23866459465624,27835,91321,17.295598625912337,2591,8501,35,108,Shrub,22,-31.51
36.58993485920133,-118.2385992057774,27842,91346,17.300271698513807,2589,8494,31,111,Shrub,22,-8.15
36.58966624431178,-118.23865803490168,27873,91445,17.31913703521684,2586,8484,36,96,Shrub,21,-11.54
36.589395756570376,-118.23865057565705,27903,91544,17.33785141839382,2583,8474,35,111,Shrub,19,-6.97
36.589231738898945,-118.2389130444042,27932,91642,17.356323294548343,2581,8468,34,155,Shrub,20,-6.75
36.58908273137544,-118.23919590293683,27963,91741,17.375112346801416,2579,8461,35,147,Shrub,22,-8.26
36.58890599284381,-118.23945631445983,27993,91841,17.394049971860866,2575,8448,35,142,Shrub,16,-13.92
36.58872494872729,-118.23971213766796,28024,91941,17.41298931392746,2572,8438,34,147,Shrub,18,-12.36
36.588543904730265,-118.23996796070723,28054,92041,17.43192866849575,2568,8425,35,144,Forest,25,-12.48
36.58834939020076,-118.24020606714868,28084,92140,17.45079430129449,2564,8412,33,155,Forest,22,-15.11
36.58813185501137,-118.24039999999998,28114,92238,17.46929910359476,2561,8402,25,124,Forest,22,-5.59
36.58789050754281,-118.24026350251427,28144,92335,17.48763396538396,2559,8396,16,98,Shrub,16,-4.22
36.58762461893731,-118.24026020785237,28173,92432,17.506026547908977,2557,8389,19,129,Shrub,25,-7.65
36.5873715969775,-118.24027198992498,28201,92524,17.523540455892782,2553,8376,15,143,Shrub,42,-20.12
36.587227495096045,-118.24005249836534,28227,92608,17.5392873844379,2550,8366,11,138,Shrub,28,-12.61
36.58706469125925,-118.24026592622226,28253,92694,17.555637636492087,2547,8356,10,157,Shrub,32,-20.28
36.58695423899054,-118.24020599021381,28267,92738,17.563971413782692,2545,8350,10,145,Shrub,28,-11.9
36.58688,-118.24014,28277,92771,17.57028038544505,2543,8343,4,104,Developed,30,-11.9